test_id,subtest,cyc,mode_tag,stored_E,f_val,op_code,result,accum_out,uf,ovf,rollover,extra
14,0,0,0,16,0,3,0,0,0,0,0,1024
14,1,0,1,16,0,3,0,0,0,0,0,0
14,2,0,2,16,0,3,0,0,0,0,0,0
14,3,0,3,16,0,3,0,0,0,0,0,0
14,0,1,0,16,31,3,70,0,0,0,0,1055
14,1,1,1,16,31,3,70,0,0,0,0,70
14,2,1,2,16,31,3,70,0,0,0,0,70
14,3,1,3,16,31,3,70,0,0,0,0,70
14,0,2,0,16,63,3,126,0,0,0,0,1087
14,1,2,1,16,63,3,126,0,0,0,0,126
14,2,2,2,16,63,3,126,0,0,0,0,126
14,3,2,3,16,63,3,126,0,0,0,0,126
14,0,3,0,20,15,3,545,0,0,0,0,1295
14,1,3,1,20,15,3,545,0,0,0,0,545
14,2,3,2,20,15,3,545,0,0,0,0,545
14,3,3,3,20,15,3,545,0,0,0,0,545
14,0,4,0,24,0,3,1024,0,0,0,0,1536
14,1,4,1,24,0,3,1024,0,0,0,0,1024
14,2,4,2,24,0,3,1024,0,0,0,0,1024
14,3,4,3,24,0,3,1024,0,0,0,0,1024
14,0,5,0,24,31,3,1094,0,0,0,0,1567
14,1,5,1,24,31,3,1094,0,0,0,0,1094
14,2,5,2,24,31,3,1094,0,0,0,0,1094
14,3,5,3,24,31,3,1094,0,0,0,0,1094
14,0,6,0,24,63,3,1150,0,0,0,0,1599
14,1,6,1,24,63,3,1150,0,0,0,0,1150
14,2,6,2,24,63,3,1150,0,0,0,0,1150
14,3,6,3,24,63,3,1150,0,0,0,0,1150
14,0,7,0,28,31,3,1606,0,0,0,0,1823
14,1,7,1,28,31,3,1606,0,0,0,0,1606
14,2,7,2,28,31,3,1606,0,0,0,0,1606
14,3,7,3,28,31,3,1606,0,0,0,0,1606
14,0,8,0,32,0,3,2048,0,0,0,0,2048
14,1,8,1,32,0,3,2048,0,0,0,0,2048
14,2,8,2,32,0,3,2048,0,0,0,0,2048
14,3,8,3,32,0,3,2048,0,0,0,0,2048
14,0,9,0,32,31,3,2118,0,0,0,0,2079
14,1,9,1,32,31,3,2118,0,0,0,0,2118
14,2,9,2,32,31,3,2118,0,0,0,0,2118
14,3,9,3,32,31,3,2118,0,0,0,0,2118
14,0,10,0,32,63,3,2174,0,0,0,0,2111
14,1,10,1,32,63,3,2174,0,0,0,0,2174
14,2,10,2,32,63,3,2174,0,0,0,0,2174
14,3,10,3,32,63,3,2174,0,0,0,0,2174
14,0,11,0,36,31,3,2630,0,0,0,0,2335
14,1,11,1,36,31,3,2630,0,0,0,0,2630
14,2,11,2,36,31,3,2630,0,0,0,0,2630
14,3,11,3,36,31,3,2630,0,0,0,0,2630
14,0,12,0,40,0,3,3072,0,0,0,0,2560
14,1,12,1,40,0,3,3072,0,0,0,0,3072
14,2,12,2,40,0,3,3072,0,0,0,0,3072
14,3,12,3,40,0,3,3072,0,0,0,0,3072
14,0,13,0,40,31,3,3142,0,0,0,0,2591
14,1,13,1,40,31,3,3142,0,0,0,0,3142
14,2,13,2,40,31,3,3142,0,0,0,0,3142
14,3,13,3,40,31,3,3142,0,0,0,0,3142
14,0,14,0,44,31,3,3654,0,0,0,0,2847
14,1,14,1,44,31,3,3654,0,0,0,0,3654
14,2,14,2,44,31,3,3654,0,0,0,0,3654
14,3,14,3,44,31,3,3654,0,0,0,0,3654
14,0,15,0,47,31,3,4038,0,0,0,0,3039
14,1,15,1,47,31,3,4038,0,0,0,0,4038
14,2,15,2,47,31,3,4038,0,0,0,0,4038
14,3,15,3,47,31,3,4038,0,0,0,0,4038
14,0,16,0,15,0,3,0,0,1,0,0,960
14,1,16,1,15,0,3,0,0,1,0,0,0
14,2,16,2,15,0,3,0,0,1,0,0,0
14,3,16,3,15,0,3,0,0,1,0,0,0
14,0,17,0,15,31,3,0,0,1,0,0,991
14,1,17,1,15,31,3,0,0,1,0,0,0
14,2,17,2,15,31,3,0,0,1,0,0,0
14,3,17,3,15,31,3,0,0,1,0,0,0
14,0,18,0,15,32,3,0,0,1,0,0,992
14,1,18,1,15,32,3,0,0,1,0,0,0
14,2,18,2,15,32,3,0,0,1,0,0,0
14,3,18,3,15,32,3,0,0,1,0,0,0
14,0,19,0,15,63,3,0,0,1,0,0,1023
14,1,19,1,15,63,3,0,0,1,0,0,0
14,2,19,2,15,63,3,0,0,1,0,0,0
14,3,19,3,15,63,3,0,0,1,0,0,0
14,0,20,0,14,31,3,0,0,1,0,0,927
14,1,20,1,14,31,3,0,0,1,0,0,0
14,2,20,2,14,31,3,0,0,1,0,0,0
14,3,20,3,14,31,3,0,0,1,0,0,0
14,0,21,0,12,31,3,0,0,1,0,0,799
14,1,21,1,12,31,3,0,0,1,0,0,0
14,2,21,2,12,31,3,0,0,1,0,0,0
14,3,21,3,12,31,3,0,0,1,0,0,0
14,0,22,0,48,0,3,4095,0,0,1,0,3072
14,1,22,1,48,0,3,4095,0,0,1,0,4095
14,2,22,2,48,0,3,4095,0,0,1,0,4095
14,3,22,3,48,0,3,4095,0,0,1,0,4095
14,0,23,0,48,31,3,4095,0,0,1,0,3103
14,1,23,1,48,31,3,4095,0,0,1,0,4095
14,2,23,2,48,31,3,4095,0,0,1,0,4095
14,3,23,3,48,31,3,4095,0,0,1,0,4095
14,0,24,0,49,31,3,4095,0,0,1,0,3167
14,1,24,1,49,31,3,4095,0,0,1,0,4095
14,2,24,2,49,31,3,4095,0,0,1,0,4095
14,3,24,3,49,31,3,4095,0,0,1,0,4095
14,0,25,0,51,31,3,4095,0,0,1,0,3295
14,1,25,1,51,31,3,4095,0,0,1,0,4095
14,2,25,2,51,31,3,4095,0,0,1,0,4095
14,3,25,3,51,31,3,4095,0,0,1,0,4095
14,0,26,0,47,32,3,4040,0,0,0,0,3040
14,1,26,1,47,32,3,4040,0,0,0,0,4040
14,2,26,2,47,32,3,4040,0,0,0,0,4040
14,3,26,3,47,32,3,4040,0,0,0,0,4040
14,0,27,0,47,63,3,4094,0,0,0,0,3071
14,1,27,1,47,63,3,4094,0,0,0,0,4094
14,2,27,2,47,63,3,4094,0,0,0,0,4094
14,3,27,3,47,63,3,4094,0,0,0,0,4094
14,0,28,0,0,0,3,0,0,1,0,0,0
14,1,28,1,0,0,3,0,0,1,0,0,0
14,2,28,2,0,0,3,0,0,1,0,0,0
14,3,28,3,0,0,3,0,0,1,0,0,0
14,0,29,0,1,31,3,0,0,1,0,0,95
14,1,29,1,1,31,3,0,0,1,0,0,0
14,2,29,2,1,31,3,0,0,1,0,0,0
14,3,29,3,1,31,3,0,0,1,0,0,0
14,0,30,0,63,63,3,4095,0,0,1,0,4095
14,1,30,1,63,63,3,4095,0,0,1,0,4095
14,2,30,2,63,63,3,4095,0,0,1,0,4095
14,3,30,3,63,63,3,4095,0,0,1,0,4095
14,0,31,0,32,16,3,2084,0,0,0,0,2064
14,1,31,1,32,16,3,2084,0,0,0,0,2084
14,2,31,2,32,16,3,2084,0,0,0,0,2084
14,3,31,3,32,16,3,2084,0,0,0,0,2084
14,4,0,0,16,0,3,0,0,0,0,0,0
14,4,1,0,16,31,3,70,0,0,0,0,0
14,4,2,0,16,63,3,126,70,0,0,0,0
14,4,3,0,20,15,3,545,196,0,0,0,0
14,4,4,0,24,0,3,1024,741,0,0,0,0
14,4,5,0,24,31,3,1094,1765,0,0,0,0
14,4,6,0,24,63,3,1150,2859,0,0,0,0
14,4,7,0,28,31,3,1606,4009,0,0,0,0
14,4,8,0,32,0,3,2048,5615,0,0,0,0
14,4,9,0,32,31,3,2118,7663,0,0,0,0
14,4,10,0,32,63,3,2174,9781,0,0,0,0
14,4,11,0,36,31,3,2630,11955,0,0,0,0
14,4,12,0,40,0,3,3072,14585,0,0,0,0
14,4,13,0,40,31,3,3142,17657,0,0,0,0
14,4,14,0,44,31,3,3654,20799,0,0,0,0
14,4,15,0,47,31,3,4038,24453,0,0,0,0
14,4,16,0,15,0,3,0,28491,1,0,0,0
14,4,17,0,15,31,3,0,28491,1,0,0,0
14,4,18,0,15,32,3,0,28491,1,0,0,0
14,4,19,0,15,63,3,0,28491,1,0,0,0
14,4,20,0,14,31,3,0,28491,1,0,0,0
14,4,21,0,12,31,3,0,28491,1,0,0,0
14,4,22,0,48,0,3,4095,28491,0,1,0,0
14,4,23,0,48,31,3,4095,32586,0,1,0,0
14,4,24,0,49,31,3,4095,36681,0,1,0,0
14,4,25,0,51,31,3,4095,40776,0,1,0,0
14,4,26,0,47,32,3,4040,44871,0,0,0,0
14,4,27,0,47,63,3,4094,48911,0,0,0,0
14,4,28,0,0,0,3,0,53005,1,0,0,0
14,4,29,0,1,31,3,0,53005,1,0,0,0
14,4,30,0,63,63,3,4095,53005,0,1,0,0
14,4,31,0,32,16,3,2084,57100,0,0,0,0
14,5,0,1,16,0,3,0,0,0,0,0,0
14,5,1,1,16,31,3,70,0,0,0,0,0
14,5,2,1,16,63,3,126,70,0,0,0,0
14,5,3,1,20,15,3,545,196,0,0,0,0
14,5,4,1,24,0,3,1024,741,0,0,0,0
14,5,5,1,24,31,3,1094,1765,0,0,0,0
14,5,6,1,24,63,3,1150,2859,0,0,0,0
14,5,7,1,28,31,3,1606,4009,0,0,0,0
14,5,8,1,32,0,3,2048,5615,0,0,0,0
14,5,9,1,32,31,3,2118,7663,0,0,0,0
14,5,10,1,32,63,3,2174,9781,0,0,0,0
14,5,11,1,36,31,3,2630,11955,0,0,0,0
14,5,12,1,40,0,3,3072,14585,0,0,0,0
14,5,13,1,40,31,3,3142,17657,0,0,0,0
14,5,14,1,44,31,3,3654,20799,0,0,0,0
14,5,15,1,47,31,3,4038,24453,0,0,0,0
14,5,16,1,15,0,3,0,28491,1,0,0,0
14,5,17,1,15,31,3,0,28491,1,0,0,0
14,5,18,1,15,32,3,0,28491,1,0,0,0
14,5,19,1,15,63,3,0,28491,1,0,0,0
14,5,20,1,14,31,3,0,28491,1,0,0,0
14,5,21,1,12,31,3,0,28491,1,0,0,0
14,5,22,1,48,0,3,4095,28491,0,1,0,0
14,5,23,1,48,31,3,4095,32586,0,1,0,0
14,5,24,1,49,31,3,4095,36681,0,1,0,0
14,5,25,1,51,31,3,4095,40776,0,1,0,0
14,5,26,1,47,32,3,4040,44871,0,0,0,0
14,5,27,1,47,63,3,4094,48911,0,0,0,0
14,5,28,1,0,0,3,0,53005,1,0,0,0
14,5,29,1,1,31,3,0,53005,1,0,0,0
14,5,30,1,63,63,3,4095,53005,0,1,0,0
14,5,31,1,32,16,3,2084,57100,0,0,0,0
14,6,0,2,16,0,3,0,0,0,0,0,0
14,6,1,2,16,31,3,70,0,0,0,0,0
14,6,2,2,16,63,3,126,6,0,0,0,0
14,6,3,2,20,15,3,545,68,0,0,0,0
14,6,4,2,24,0,3,1024,549,0,0,0,0
14,6,5,2,24,31,3,1094,1509,0,0,0,0
14,6,6,2,24,63,3,1150,2539,0,0,0,0
14,6,7,2,28,31,3,1606,3625,0,0,0,0
14,6,8,2,32,0,3,2048,5167,0,0,0,0
14,6,9,2,32,31,3,2118,7151,0,0,0,0
14,6,10,2,32,63,3,2174,9205,0,0,0,0
14,6,11,2,36,31,3,2630,11315,0,0,0,0
14,6,12,2,40,0,3,3072,13881,0,0,0,0
14,6,13,2,40,31,3,3142,16889,0,0,0,0
14,6,14,2,44,31,3,3654,19967,0,0,0,0
14,6,15,2,47,31,3,4038,23557,0,0,0,0
14,6,16,2,15,0,3,0,27531,1,0,0,0
14,6,17,2,15,31,3,0,27531,1,0,0,0
14,6,18,2,15,32,3,0,27531,1,0,0,0
14,6,19,2,15,63,3,0,27531,1,0,0,0
14,6,20,2,14,31,3,0,27531,1,0,0,0
14,6,21,2,12,31,3,0,27531,1,0,0,0
14,6,22,2,48,0,3,4095,27531,0,1,0,0
14,6,23,2,48,31,3,4095,31562,0,1,0,0
14,6,24,2,49,31,3,4095,35593,0,1,0,0
14,6,25,2,51,31,3,4095,39624,0,1,0,0
14,6,26,2,47,32,3,4040,43655,0,0,0,0
14,6,27,2,47,63,3,4094,47631,0,0,0,0
14,6,28,2,0,0,3,0,51661,1,0,0,0
14,6,29,2,1,31,3,0,51661,1,0,0,0
14,6,30,2,63,63,3,4095,51661,0,1,0,0
14,6,31,2,32,16,3,2084,55692,0,0,0,0
14,7,0,3,16,0,3,0,0,0,0,0,0
14,7,1,3,16,31,3,70,0,0,0,0,0
14,7,2,3,16,63,3,126,70,0,0,0,0
14,7,3,3,20,15,3,545,196,0,0,0,0
14,7,4,3,24,0,3,1024,741,0,0,0,0
14,7,5,3,24,31,3,1094,1765,0,0,0,0
14,7,6,3,24,63,3,1150,2859,0,0,0,0
14,7,7,3,28,31,3,1606,4009,0,0,0,0
14,7,8,3,32,0,3,2048,5615,0,0,0,0
14,7,9,3,32,31,3,2118,7663,0,0,0,0
14,7,10,3,32,63,3,2174,9781,0,0,0,0
14,7,11,3,36,31,3,2630,11955,0,0,0,0
14,7,12,3,40,0,3,3072,14585,0,0,0,0
14,7,13,3,40,31,3,3142,17657,0,0,0,0
14,7,14,3,44,31,3,3654,20799,0,0,0,0
14,7,15,3,47,31,3,4038,24453,0,0,0,0
14,7,16,3,15,0,3,0,28491,1,0,0,0
14,7,17,3,15,31,3,0,28491,1,0,0,0
14,7,18,3,15,32,3,0,28491,1,0,0,0
14,7,19,3,15,63,3,0,28491,1,0,0,0
14,7,20,3,14,31,3,0,28491,1,0,0,0
14,7,21,3,12,31,3,0,28491,1,0,0,0
14,7,22,3,48,0,3,4095,28491,0,1,0,0
14,7,23,3,48,31,3,4095,32586,0,1,0,0
14,7,24,3,49,31,3,4095,36681,0,1,0,0
14,7,25,3,51,31,3,4095,40776,0,1,0,0
14,7,26,3,47,32,3,4040,44871,0,0,0,0
14,7,27,3,47,63,3,4094,48911,0,0,0,0
14,7,28,3,0,0,3,0,53005,1,0,0,0
14,7,29,3,1,31,3,0,53005,1,0,0,0
14,7,30,3,63,63,3,4095,53005,0,1,0,0
14,7,31,3,32,16,3,2084,57100,0,0,0,0
15,0,0,3,48,25,3,4095,59184,0,1,0,3097
15,0,1,0,33,51,3,2279,59184,0,0,0,2163
15,0,2,0,3,39,3,0,59184,1,0,0,231
15,0,3,0,7,14,3,0,59184,1,0,0,462
15,0,4,0,17,28,3,194,59184,0,0,0,1116
15,0,5,1,49,56,3,4095,59184,0,1,0,3192
15,0,6,2,60,48,3,4095,59184,0,1,0,3888
15,0,7,0,16,33,3,73,59184,0,0,0,1057
15,0,8,0,14,3,3,0,59184,1,0,0,899
15,0,9,1,47,7,3,3982,59184,0,0,0,3015
15,0,10,2,8,15,3,0,59184,1,0,0,527
15,0,11,0,46,30,3,3909,59184,0,0,0,2974
15,0,12,2,34,60,3,2424,59184,0,0,0,2236
15,0,13,0,47,57,3,4082,59184,0,0,0,3065
15,0,14,2,10,50,3,0,59184,1,0,0,690
15,0,15,0,47,36,3,4046,59184,0,0,0,3044
15,0,16,3,42,8,3,3345,59184,0,0,0,2696
15,0,17,0,21,17,3,678,59184,0,0,0,1361
15,0,18,0,43,34,3,3531,59184,0,0,0,2786
15,0,19,0,47,5,3,3978,59184,0,0,0,3013
15,0,20,3,46,10,3,3861,59184,0,0,0,2954
15,0,21,0,29,21,3,1712,59184,0,0,0,1877
15,0,22,0,59,42,3,4095,59184,0,1,0,3818
15,0,23,0,47,21,3,4016,59184,0,0,0,3029
15,0,24,2,46,43,3,3929,59184,0,0,0,2987
15,0,25,0,17,23,3,182,59184,0,0,0,1111
15,0,26,0,16,46,3,94,59184,0,0,0,1070
15,0,27,1,47,29,3,4035,59184,0,0,0,3037
15,0,28,2,40,59,3,3190,59184,0,0,0,2619
15,0,29,0,46,55,3,3950,59184,0,0,0,2999
15,0,30,3,34,46,3,2398,59184,0,0,0,2222
15,0,31,0,5,29,3,0,59184,1,0,0,349
15,0,32,0,11,58,3,0,59184,1,0,0,762
15,0,33,0,23,52,3,1001,59184,0,0,0,1524
15,0,34,0,47,40,3,4052,59184,0,0,0,3048
15,0,35,0,31,17,3,1958,59184,0,0,0,2001
15,0,36,0,17,34,3,203,59184,0,0,0,1122
15,0,37,0,17,5,3,138,59184,0,0,0,1093
15,0,38,1,49,11,3,4095,59184,0,1,0,3147
15,0,39,3,56,23,3,4095,59184,0,1,0,3607
15,0,40,0,49,47,3,4095,59184,0,1,0,3183
15,0,41,0,14,31,3,0,59184,1,0,0,927
15,0,42,0,15,63,3,0,59184,1,0,0,1023
15,0,43,0,17,62,3,252,59184,0,0,0,1150
15,0,44,1,48,60,3,4095,59184,0,1,0,3132
15,0,45,2,48,56,3,4095,59184,0,1,0,3128
15,0,46,0,46,49,3,3939,59184,0,0,0,2993
15,0,47,3,2,35,3,0,59184,1,0,0,163
15,0,48,0,5,6,3,0,59184,1,0,0,326
15,0,49,0,16,12,3,26,59184,0,0,0,1036
15,0,50,0,15,24,3,0,59184,1,0,0,984
15,0,51,1,49,48,3,4095,59184,0,1,0,3184
15,0,52,2,24,33,3,1097,59184,0,0,0,1569
15,0,53,0,46,2,3,3844,59184,0,0,0,2946
15,0,54,3,34,5,3,2314,59184,0,0,0,2181
15,0,55,0,5,11,3,0,59184,1,0,0,331
15,0,56,0,16,22,3,51,59184,0,0,0,1046
15,0,57,0,15,44,3,0,59184,1,0,0,1004
15,0,58,0,17,24,3,185,59184,0,0,0,1112
15,0,59,1,48,49,3,4095,59184,0,1,0,3121
15,0,60,3,48,34,3,4095,59184,0,1,0,3106
15,0,61,0,33,5,3,2186,59184,0,0,0,2117
15,0,62,0,3,11,3,0,59184,1,0,0,203
15,0,63,0,47,22,3,4019,59184,0,0,0,3030
15,0,64,2,14,44,3,0,59184,1,0,0,940
15,0,65,0,17,24,3,185,59184,0,0,0,1112
15,0,66,1,48,48,3,4095,59184,0,1,0,3120
15,0,67,3,52,33,3,4095,59184,0,1,0,3361
15,0,68,0,41,3,3,3206,59184,0,0,0,2627
15,0,69,0,19,7,3,398,59184,0,0,0,1223
15,0,70,0,39,14,3,2975,59184,0,0,0,2510
15,0,71,0,49,29,3,4095,59184,0,1,0,3165
15,0,72,2,30,58,3,1908,59184,0,0,0,1978
15,0,73,0,17,52,3,233,59184,0,0,0,1140
15,0,74,1,48,41,3,4095,59184,0,1,0,3113
15,0,75,2,52,19,3,4095,59184,0,1,0,3347
15,0,76,0,16,39,3,82,59184,0,0,0,1063
15,0,77,1,46,15,3,3873,59184,0,0,0,2959
15,0,78,3,36,30,3,2629,59184,0,0,0,2334
15,0,79,0,9,61,3,0,59184,1,0,0,637
15,0,80,0,19,58,3,500,59184,0,0,0,1274
15,0,81,0,39,52,3,3049,59184,0,0,0,2548
15,0,82,0,17,41,3,214,59184,0,0,0,1129
15,0,83,0,17,18,3,169,59184,0,0,0,1106
15,0,84,0,17,36,3,206,59184,0,0,0,1124
15,0,85,1,48,9,3,4095,59184,0,1,0,3081
15,0,86,2,48,19,3,4095,59184,0,1,0,3091
15,0,87,0,14,39,3,0,59184,1,0,0,935
15,0,88,0,14,15,3,0,59184,1,0,0,911
15,0,89,1,47,30,3,4037,59184,0,0,0,3038
15,0,90,3,8,60,3,0,59184,1,0,0,572
15,0,91,0,17,56,3,240,59184,0,0,0,1144
15,0,92,0,35,48,3,2530,59184,0,0,0,2288
15,0,93,0,47,33,3,4041,59184,0,0,0,3041
15,0,94,2,14,2,3,0,59184,1,0,0,898
15,0,95,0,49,4,3,4095,59184,0,1,0,3140
15,0,96,2,58,8,3,4095,59184,0,1,0,3720
15,0,97,0,15,17,3,0,59184,1,0,0,977
15,0,98,1,48,35,3,4095,59184,0,1,0,3107
15,0,99,3,20,7,3,526,59184,0,0,0,1287
15,0,100,0,41,14,3,3231,59184,0,0,0,2638
15,0,101,0,19,29,3,451,59184,0,0,0,1245
15,0,102,0,15,58,3,0,59184,1,0,0,1018
15,0,103,0,17,53,3,234,59184,0,0,0,1141
15,0,104,1,49,42,3,4095,59184,0,1,0,3178
15,0,105,2,56,20,3,4095,59184,0,1,0,3604
15,0,106,0,46,41,3,3926,59184,0,0,0,2985
15,0,107,2,34,19,3,2347,59184,0,0,0,2195
15,0,108,0,47,39,3,4050,59184,0,0,0,3047
15,0,109,3,10,14,3,0,59184,1,0,0,654
15,0,110,0,21,28,3,706,59184,0,0,0,1372
15,0,111,0,43,56,3,3568,59184,0,0,0,2808
15,0,112,0,23,49,3,995,59184,0,0,0,1521
15,0,113,0,17,34,3,203,59184,0,0,0,1122
15,0,114,0,17,5,3,138,59184,0,0,0,1093
15,0,115,0,17,10,3,149,59184,0,0,0,1098
15,0,116,1,48,21,3,4095,59184,0,1,0,3093
15,0,117,2,48,43,3,4095,59184,0,1,0,3115
15,0,118,0,46,23,3,3894,59184,0,0,0,2967
15,0,119,2,2,47,3,0,59184,1,0,0,175
15,0,120,0,47,30,3,4037,59184,0,0,0,3038
15,0,121,2,10,60,3,0,59184,1,0,0,700
15,0,122,0,15,56,3,0,59184,1,0,0,1016
15,0,123,0,16,48,3,98,59184,0,0,0,1072
15,0,124,1,47,33,3,4041,59184,0,0,0,3041
15,0,125,2,40,2,3,3076,59184,0,0,0,2562
15,0,126,0,46,5,3,3850,59184,0,0,0,2949
15,0,127,2,34,10,3,2325,59184,0,0,0,2186
15,0,128,0,15,21,3,0,59184,1,0,0,981
15,0,129,0,16,42,3,87,59184,0,0,0,1066
15,0,130,1,47,20,3,4014,59184,0,0,0,3028
15,0,131,2,40,40,3,3156,59184,0,0,0,2600
15,0,132,0,14,17,3,0,59184,1,0,0,913
15,0,133,1,46,34,3,3915,59184,0,0,0,2978
15,0,134,2,4,5,3,0,59184,1,0,0,261
15,0,135,0,48,10,3,4095,59184,0,1,0,3082
15,0,136,3,18,20,3,302,59184,0,0,0,1172
15,0,137,0,37,40,3,2772,59184,0,0,0,2408
15,0,138,0,48,17,3,4095,59184,0,1,0,3089
15,0,139,3,22,34,3,843,59184,0,0,0,1442
15,0,140,0,45,4,3,3720,59184,0,0,0,2884
15,0,141,0,48,9,3,4095,59184,0,1,0,3081
15,0,142,3,54,18,3,4095,59184,0,1,0,3474
15,0,143,0,45,37,3,3791,59184,0,0,0,2917
15,0,144,0,27,11,3,1431,59184,0,0,0,1739
15,0,145,0,15,22,3,0,59184,1,0,0,982
15,0,146,1,49,45,3,4095,59184,0,1,0,3181
15,0,147,2,28,27,3,1600,59184,0,0,0,1819
15,0,148,0,48,54,3,4095,59184,0,1,0,3126
15,0,149,2,50,45,3,4095,59184,0,1,0,3245
15,0,150,0,15,27,3,0,59184,1,0,0,987
15,0,151,0,16,55,3,110,59184,0,0,0,1079
15,0,152,0,15,46,3,0,59184,1,0,0,1006
15,0,153,0,16,28,3,66,59184,0,0,0,1052
15,0,154,1,46,57,3,3954,59184,0,0,0,3001
15,0,155,3,32,50,3,2149,59184,0,0,0,2098
15,0,156,0,1,37,3,0,59184,1,0,0,101
15,0,157,0,46,10,3,3861,59184,0,0,0,2954
15,0,158,3,6,20,3,0,59184,1,0,0,404
15,0,159,0,13,40,3,0,59184,1,0,0,872
15,0,160,0,27,16,3,1444,59184,0,0,0,1744
15,0,161,0,55,32,3,4095,59184,0,1,0,3552
15,0,162,0,47,1,3,3970,59184,0,0,0,3009
15,0,163,0,17,3,3,134,59184,0,0,0,1091
15,0,164,1,49,6,3,4095,59184,0,1,0,3142
15,0,165,3,60,13,3,4095,59184,0,1,0,3853
15,0,166,0,57,27,3,4095,59184,0,1,0,3675
15,0,167,0,51,55,3,4095,59184,0,1,0,3319
15,0,168,0,39,47,3,3040,59184,0,0,0,2543
15,0,169,0,15,31,3,0,59184,1,0,0,991
15,0,170,0,49,62,3,4095,59184,0,1,0,3198
15,0,171,2,62,60,3,4095,59184,0,1,0,4028
15,0,172,0,49,57,3,4095,59184,0,1,0,3193
15,0,173,3,58,51,3,4095,59184,0,1,0,3763
15,0,174,0,53,39,3,4095,59184,0,1,0,3431
15,0,175,0,43,15,3,3489,59184,0,0,0,2767
15,0,176,0,23,31,3,966,59184,0,0,0,1503
15,0,177,0,49,62,3,4095,59184,0,1,0,3198
15,0,178,3,30,61,3,1914,59184,0,0,0,1981
15,0,179,0,61,58,3,4095,59184,0,1,0,3962
15,0,180,0,59,53,3,4095,59184,0,1,0,3829
15,0,181,0,55,43,3,4095,59184,0,1,0,3563
15,0,182,0,17,23,3,182,59184,0,0,0,1111
15,0,183,1,49,47,3,4095,59184,0,1,0,3183
15,0,184,3,60,30,3,4095,59184,0,1,0,3870
15,0,185,0,57,61,3,4095,59184,0,1,0,3709
15,0,186,0,14,59,3,0,59184,1,0,0,955
15,0,187,0,15,55,3,0,59184,1,0,0,1015
15,0,188,0,17,47,3,224,59184,0,0,0,1135
15,0,189,1,48,30,3,4095,59184,0,1,0,3102
15,0,190,3,48,60,3,4095,59184,0,1,0,3132
15,0,191,0,33,57,3,2290,59184,0,0,0,2169
15,0,192,0,14,51,3,0,59184,1,0,0,947
15,0,193,1,47,38,3,4049,59184,0,0,0,3046
15,0,194,3,12,12,3,0,59184,1,0,0,780
15,0,195,0,25,24,3,1209,59184,0,0,0,1624
15,0,196,0,14,48,3,0,59184,1,0,0,944
15,0,197,0,15,33,3,0,59184,1,0,0,993
15,0,198,1,49,3,3,4095,59184,0,1,0,3139
15,0,199,3,24,6,3,1036,59184,0,0,0,1542
15,0,200,0,49,12,3,4095,59184,0,1,0,3148
15,0,201,0,46,25,3,3899,59184,0,0,0,2969
15,0,202,3,6,51,3,0,59184,1,0,0,435
15,0,203,0,13,38,3,0,59184,1,0,0,870
15,0,204,0,16,12,3,26,59184,0,0,0,1036
15,0,205,0,15,24,3,0,59184,1,0,0,984
15,0,206,0,17,49,3,227,59184,0,0,0,1137
15,0,207,0,16,35,3,76,59184,0,0,0,1059
15,0,208,1,46,6,3,3852,59184,0,0,0,2950
15,0,209,2,32,13,3,2076,59184,0,0,0,2061
15,0,210,0,14,27,3,0,59184,1,0,0,923
15,0,211,1,46,54,3,3948,59184,0,0,0,2998
15,0,212,3,4,44,3,0,59184,1,0,0,300
15,0,213,0,9,24,3,0,59184,1,0,0,600
15,0,214,0,14,48,3,0,59184,1,0,0,944
15,0,215,1,47,32,3,4040,59184,0,0,0,3040
15,0,216,3,12,1,3,0,59184,1,0,0,769
15,0,217,0,25,2,3,1156,59184,0,0,0,1602
15,0,218,0,51,4,3,4095,59184,0,1,0,3268
15,0,219,0,39,9,3,2963,59184,0,0,0,2505
15,0,220,0,15,19,3,0,59184,1,0,0,979
15,0,221,0,49,38,3,4095,59184,0,1,0,3174
15,0,222,2,62,12,3,4095,59184,0,1,0,3980
15,0,223,0,49,25,3,4095,59184,0,1,0,3161
15,0,224,2,58,51,3,4095,59184,0,1,0,3763
15,0,225,0,15,39,3,0,59184,1,0,0,999
15,0,226,0,16,15,3,33,59184,0,0,0,1039
15,0,227,0,15,31,3,0,59184,1,0,0,991
15,0,228,1,48,62,3,4095,59184,0,1,0,3134
15,0,229,3,16,61,3,122,59184,0,0,0,1085
15,0,230,0,33,58,3,2292,59184,0,0,0,2170
15,0,231,0,3,53,3,0,59184,1,0,0,245
15,0,232,0,7,42,3,0,59184,1,0,0,490
15,0,233,0,17,20,3,174,59184,0,0,0,1108
15,0,234,1,49,40,3,4095,59184,0,1,0,3176
15,0,235,2,60,16,3,4095,59184,0,1,0,3856
15,0,236,0,48,33,3,4095,59184,0,1,0,3105
15,0,237,2,50,3,3,4095,59184,0,1,0,3203
15,0,238,0,15,7,3,0,59184,1,0,0,967
15,0,239,0,16,15,3,33,59184,0,0,0,1039
15,0,240,1,47,30,3,4037,59184,0,0,0,3038
15,0,241,2,40,60,3,3192,59184,0,0,0,2620
15,0,242,0,46,57,3,3954,59184,0,0,0,3001
15,0,243,2,34,50,3,2405,59184,0,0,0,2226
15,0,244,0,47,37,3,4047,59184,0,0,0,3045
15,0,245,3,10,10,3,0,59184,1,0,0,650
15,0,246,0,21,20,3,686,59184,0,0,0,1364
15,0,247,0,43,40,3,3540,59184,0,0,0,2792
15,0,248,0,23,17,3,934,59184,0,0,0,1489
15,0,249,0,47,34,3,4043,59184,0,0,0,3042
15,0,250,0,31,5,3,1930,59184,0,0,0,1989
15,0,251,0,49,10,3,4095,59184,0,1,0,3146
15,0,252,3,62,21,3,4095,59184,0,1,0,3989
15,0,253,0,61,43,3,4095,59184,0,1,0,3947
15,0,254,0,48,23,3,4095,59184,0,1,0,3095
15,0,255,2,54,47,3,4095,59184,0,1,0,3503
15,0,256,0,49,31,3,4095,59184,0,1,0,3167
15,0,257,2,26,63,3,1406,59184,0,0,0,1727
15,0,258,0,15,62,3,0,59184,1,0,0,1022
15,0,259,1,48,61,3,4095,59184,0,1,0,3133
15,0,260,2,20,59,3,630,59184,0,0,0,1339
15,0,261,0,48,54,3,4095,59184,0,1,0,3126
15,0,262,2,18,45,3,348,59184,0,0,0,1197
15,0,263,0,47,26,3,4030,59184,0,0,0,3034
15,0,264,2,10,53,3,0,59184,1,0,0,693
15,0,265,0,15,42,3,0,59184,1,0,0,1002
15,0,266,1,48,20,3,4095,59184,0,1,0,3092
15,0,267,3,20,41,3,598,59184,0,0,0,1321
15,0,268,0,41,18,3,3241,59184,0,0,0,2642
15,0,269,0,46,37,3,3919,59184,0,0,0,2981
15,0,270,3,38,10,3,2837,59184,0,0,0,2442
15,0,271,0,13,21,3,0,59184,1,0,0,853
15,0,272,0,48,42,3,4095,59184,0,1,0,3114
15,0,273,3,54,20,3,4095,59184,0,1,0,3476
15,0,274,0,45,41,3,3798,59184,0,0,0,2921
15,0,275,0,16,19,3,43,59184,0,0,0,1043
15,0,276,1,47,38,3,4049,59184,0,0,0,3046
15,0,277,3,44,13,3,3612,59184,0,0,0,2829
15,0,278,0,25,27,3,1216,59184,0,0,0,1627
15,0,279,0,51,54,3,4095,59184,0,1,0,3318
15,0,280,0,47,45,3,4060,59184,0,0,0,3053
15,0,281,2,14,27,3,0,59184,1,0,0,923
15,0,282,0,17,54,3,236,59184,0,0,0,1142
15,0,283,0,16,44,3,91,59184,0,0,0,1068
15,0,284,0,15,25,3,0,59184,1,0,0,985
15,0,285,0,16,51,3,103,59184,0,0,0,1075
15,0,286,1,46,39,3,3922,59184,0,0,0,2983
15,0,287,2,32,14,3,2079,59184,0,0,0,2062
15,0,288,0,14,29,3,0,59184,1,0,0,925
15,0,289,1,46,58,3,3956,59184,0,0,0,3002
15,0,290,2,4,52,3,0,59184,1,0,0,308
15,0,291,0,48,40,3,4095,59184,0,1,0,3112
15,0,292,2,18,16,3,292,59184,0,0,0,1168
15,0,293,0,15,32,3,0,59184,1,0,0,992
15,0,294,0,16,1,3,2,59184,0,0,0,1025
15,0,295,0,15,2,3,0,59184,1,0,0,962
15,0,296,1,48,4,3,4095,59184,0,1,0,3076
15,0,297,3,16,9,3,19,59184,0,0,0,1033
15,0,298,0,33,18,3,2217,59184,0,0,0,2130
15,0,299,0,46,37,3,3919,59184,0,0,0,2981
15,0,300,2,6,10,3,0,59184,1,0,0,394
15,0,301,0,17,20,3,174,59184,0,0,0,1108
15,0,302,1,48,40,3,4095,59184,0,1,0,3112
15,0,303,3,52,16,3,4095,59184,0,1,0,3344
15,0,304,0,41,33,3,3273,59184,0,0,0,2657
15,0,305,0,19,3,3,390,59184,0,0,0,1219
15,0,306,0,15,6,3,0,59184,1,0,0,966
15,0,307,0,17,13,3,156,59184,0,0,0,1101
15,0,308,1,49,26,3,4095,59184,0,1,0,3162
15,0,309,3,56,52,3,4095,59184,0,1,0,3636
15,0,310,0,49,41,3,4095,59184,0,1,0,3177
15,0,311,0,35,19,3,2475,59184,0,0,0,2259
15,0,312,0,7,39,3,0,59184,1,0,0,487
15,0,313,0,49,14,3,4095,59184,0,1,0,3150
15,0,314,3,30,28,3,1858,59184,0,0,0,1948
15,0,315,0,61,56,3,4095,59184,0,1,0,3960
15,0,316,0,59,49,3,4095,59184,0,1,0,3825
15,0,317,0,15,35,3,0,59184,1,0,0,995
15,0,318,0,17,7,3,142,59184,0,0,0,1095
15,0,319,0,17,15,3,161,59184,0,0,0,1103
15,0,320,0,16,30,3,69,59184,0,0,0,1054
15,0,321,0,14,61,3,0,59184,1,0,0,957
15,0,322,1,46,59,3,3958,59184,0,0,0,3003
15,0,323,2,0,55,3,0,59184,1,0,0,55
15,0,324,0,14,46,3,0,59184,1,0,0,942
15,0,325,1,46,28,3,3906,59184,0,0,0,2972
15,0,326,3,4,56,3,0,59184,1,0,0,312
15,0,327,0,9,48,3,0,59184,1,0,0,624
15,0,328,0,19,32,3,456,59184,0,0,0,1248
15,0,329,0,15,0,3,0,59184,1,0,0,960
15,0,330,1,49,1,3,4095,59184,0,1,0,3137
15,0,331,3,28,2,3,1540,59184,0,0,0,1794
15,0,332,0,57,4,3,4095,59184,0,1,0,3652
15,0,333,0,46,9,3,3859,59184,0,0,0,2953
15,0,334,2,38,19,3,2859,59184,0,0,0,2451
15,0,335,0,49,39,3,4095,59184,0,1,0,3175
15,0,336,2,26,14,3,1311,59184,0,0,0,1678
15,0,337,0,47,28,3,4034,59184,0,0,0,3036
15,0,338,3,42,57,3,3442,59184,0,0,0,2745
15,0,339,0,21,51,3,743,59184,0,0,0,1395
15,0,340,0,16,38,3,81,59184,0,0,0,1062
15,0,341,1,47,13,3,3996,59184,0,0,0,3021
15,0,342,2,44,26,3,3646,59184,0,0,0,2842
15,0,343,0,16,53,3,106,59184,0,0,0,1077
15,0,344,1,46,42,3,3927,59184,0,0,0,2986
15,0,345,3,36,21,3,2608,59184,0,0,0,2325
15,0,346,0,9,43,3,0,59184,1,0,0,619
15,0,347,0,19,22,3,435,59184,0,0,0,1238
15,0,348,0,15,44,3,0,59184,1,0,0,1004
15,0,349,1,49,25,3,4095,59184,0,1,0,3161
15,0,350,3,28,50,3,1637,59184,0,0,0,1842
15,0,351,0,57,36,3,4095,59184,0,1,0,3684
15,0,352,0,51,9,3,4095,59184,0,1,0,3273
15,0,353,0,47,19,3,4011,59184,0,0,0,3027
15,0,354,2,14,39,3,0,59184,1,0,0,935
15,0,355,0,17,14,3,159,59184,0,0,0,1102
15,0,356,1,48,28,3,4095,59184,0,1,0,3100
15,0,357,3,52,57,3,4095,59184,0,1,0,3385
15,0,358,0,41,51,3,3303,59184,0,0,0,2675
15,0,359,0,14,39,3,0,59184,1,0,0,935
15,0,360,1,47,14,3,3999,59184,0,0,0,3022
15,0,361,2,12,29,3,0,59184,1,0,0,797
15,0,362,0,48,58,3,4095,59184,0,1,0,3130
15,0,363,2,50,52,3,4095,59184,0,1,0,3252
15,0,364,0,47,41,3,4054,59184,0,0,0,3049
15,0,365,2,10,19,3,0,59184,1,0,0,659
15,0,366,0,15,38,3,0,59184,1,0,0,998
15,0,367,1,48,12,3,4095,59184,0,1,0,3084
15,0,368,3,20,25,3,571,59184,0,0,0,1305
15,0,369,0,41,50,3,3301,59184,0,0,0,2674
15,0,370,0,14,37,3,0,59184,1,0,0,933
15,0,371,0,15,10,3,0,59184,1,0,0,970
15,0,372,1,49,21,3,4095,59184,0,1,0,3157
15,0,373,3,24,42,3,1111,59184,0,0,0,1578
15,0,374,0,49,20,3,4095,59184,0,1,0,3156
15,0,375,0,35,41,3,2518,59184,0,0,0,2281
15,0,376,0,15,19,3,0,59184,1,0,0,979
15,0,377,1,49,38,3,4095,59184,0,1,0,3174
15,0,378,3,28,12,3,1562,59184,0,0,0,1804
15,0,379,0,57,24,3,4095,59184,0,1,0,3672
15,0,380,0,51,49,3,4095,59184,0,1,0,3313
15,0,381,0,15,35,3,0,59184,1,0,0,995
15,0,382,1,49,7,3,4095,59184,0,1,0,3143
15,0,383,2,28,14,3,1567,59184,0,0,0,1806
15,0,384,0,16,28,3,66,59184,0,0,0,1052
15,0,385,0,14,57,3,0,59184,1,0,0,953
15,0,386,0,15,51,3,0,59184,1,0,0,1011
15,0,387,0,16,39,3,82,59184,0,0,0,1063
15,0,388,1,46,14,3,3871,59184,0,0,0,2958
15,0,389,2,32,28,3,2114,59184,0,0,0,2076
15,0,390,0,46,57,3,3954,59184,0,0,0,3001
15,0,391,2,2,50,3,0,59184,1,0,0,178
15,0,392,0,15,36,3,0,59184,1,0,0,996
15,0,393,1,48,8,3,4095,59184,0,1,0,3080
15,0,394,3,20,16,3,548,59184,0,0,0,1296
15,0,395,0,41,32,3,3272,59184,0,0,0,2656
15,0,396,0,46,1,3,3842,59184,0,0,0,2945
15,0,397,2,38,2,3,2820,59184,0,0,0,2434
15,0,398,0,49,5,3,4095,59184,0,1,0,3141
15,0,399,3,26,10,3,1301,59184,0,0,0,1674
15,0,400,0,53,20,3,4095,59184,0,1,0,3412
15,0,401,0,16,41,3,86,59184,0,0,0,1065
15,0,402,1,47,19,3,4011,59184,0,0,0,3027
15,0,403,3,44,38,3,3665,59184,0,0,0,2854
15,0,404,0,25,13,3,1180,59184,0,0,0,1613
15,0,405,0,51,26,3,4095,59184,0,1,0,3290
15,0,406,0,39,53,3,3050,59184,0,0,0,2549
15,0,407,0,49,43,3,4095,59184,0,1,0,3179
15,0,408,3,30,22,3,1843,59184,0,0,0,1942
15,0,409,0,61,44,3,4095,59184,0,1,0,3948
15,0,410,0,59,25,3,4095,59184,0,1,0,3801
15,0,411,0,55,51,3,4095,59184,0,1,0,3571
15,0,412,0,47,39,3,4050,59184,0,0,0,3047
15,0,413,0,31,15,3,1953,59184,0,0,0,1999
15,0,414,0,17,30,3,197,59184,0,0,0,1118
15,0,415,1,49,61,3,4095,59184,0,1,0,3197
15,0,416,3,60,59,3,4095,59184,0,1,0,3899
15,0,417,0,57,55,3,4095,59184,0,1,0,3703
15,0,418,0,14,47,3,0,59184,1,0,0,943
15,0,419,1,47,31,3,4038,59184,0,0,0,3039
15,0,420,3,12,63,3,0,59184,1,0,0,831
15,0,421,0,25,62,3,1276,59184,0,0,0,1662
15,0,422,0,46,60,3,3960,59184,0,0,0,3004
15,0,423,2,38,57,3,2930,59184,0,0,0,2489
15,0,424,0,49,51,3,4095,59184,0,1,0,3187
15,0,425,3,26,38,3,1361,59184,0,0,0,1702
15,0,426,0,53,12,3,4095,59184,0,1,0,3404
15,0,427,0,43,25,3,3515,59184,0,0,0,2777
15,0,428,0,15,51,3,0,59184,1,0,0,1011
15,0,429,0,17,38,3,209,59184,0,0,0,1126
15,0,430,0,17,13,3,156,59184,0,0,0,1101
15,0,431,0,16,26,3,62,59184,0,0,0,1050
15,0,432,0,14,53,3,0,59184,1,0,0,949
15,0,433,1,46,43,3,3929,59184,0,0,0,2987
15,0,434,3,0,23,3,0,59184,1,0,0,23
15,0,435,0,1,46,3,0,59184,1,0,0,110
15,0,436,0,3,28,3,0,59184,1,0,0,220
15,0,437,0,7,56,3,0,59184,1,0,0,504
15,0,438,0,49,48,3,4095,59184,0,1,0,3184
15,0,439,2,30,32,3,1864,59184,0,0,0,1952
15,0,440,0,17,0,3,128,59184,0,0,0,1088
15,0,441,1,48,1,3,4095,59184,0,1,0,3073
15,0,442,3,52,3,3,4095,59184,0,1,0,3331
15,0,443,0,41,7,3,3214,59184,0,0,0,2631
15,0,444,0,46,15,3,3873,59184,0,0,0,2959
15,0,445,3,38,30,3,2885,59184,0,0,0,2462
15,0,446,0,13,61,3,0,59184,1,0,0,893
15,0,447,0,48,58,3,4095,59184,0,1,0,3130
15,0,448,2,54,52,3,4095,59184,0,1,0,3508
15,0,449,0,17,41,3,214,59184,0,0,0,1129
15,0,450,0,16,19,3,43,59184,0,0,0,1043
15,0,451,0,15,38,3,0,59184,1,0,0,998
15,0,452,1,48,13,3,4095,59184,0,1,0,3085
15,0,453,3,16,27,3,64,59184,0,0,0,1051
15,0,454,0,33,54,3,2284,59184,0,0,0,2166
15,0,455,0,46,45,3,3932,59184,0,0,0,2989
15,0,456,2,6,26,3,0,59184,1,0,0,410
15,0,457,0,17,52,3,233,59184,0,0,0,1140
15,0,458,0,16,40,3,84,59184,0,0,0,1064
15,0,459,1,47,16,3,4004,59184,0,0,0,3024
15,0,460,2,40,33,3,3145,59184,0,0,0,2593
15,0,461,0,14,3,3,0,59184,1,0,0,899
15,0,462,0,14,6,3,0,59184,1,0,0,902
15,0,463,0,15,13,3,0,59184,1,0,0,973
15,0,464,1,48,26,3,4095,59184,0,1,0,3098
15,0,465,3,16,52,3,105,59184,0,0,0,1076
15,0,466,0,33,40,3,2260,59184,0,0,0,2152
15,0,467,0,3,17,3,0,59184,1,0,0,209
15,0,468,0,7,34,3,0,59184,1,0,0,482
15,0,469,0,17,4,3,136,59184,0,0,0,1092
15,0,470,1,49,8,3,4095,59184,0,1,0,3144
15,0,471,3,60,16,3,4095,59184,0,1,0,3856
15,0,472,0,57,33,3,4095,59184,0,1,0,3681
15,0,473,0,51,3,3,4095,59184,0,1,0,3267
15,0,474,0,39,7,3,2958,59184,0,0,0,2503
15,0,475,0,17,15,3,161,59184,0,0,0,1103
15,0,476,1,49,30,3,4095,59184,0,1,0,3166
15,0,477,2,60,60,3,4095,59184,0,1,0,3900
15,0,478,0,48,57,3,4095,59184,0,1,0,3129
15,0,479,2,50,51,3,4095,59184,0,1,0,3251
15,0,480,0,47,39,3,4050,59184,0,0,0,3047
15,0,481,3,10,15,3,0,59184,1,0,0,655
15,0,482,0,21,30,3,709,59184,0,0,0,1374
15,0,483,0,48,60,3,4095,59184,0,1,0,3132
15,0,484,3,22,57,3,882,59184,0,0,0,1465
15,0,485,0,45,50,3,3813,59184,0,0,0,2930
15,0,486,0,48,37,3,4095,59184,0,1,0,3109
15,0,487,3,54,10,3,4095,59184,0,1,0,3466
15,0,488,0,45,21,3,3760,59184,0,0,0,2901
15,0,489,0,27,43,3,1497,59184,0,0,0,1771
15,0,490,0,55,22,3,4095,59184,0,1,0,3542
15,0,491,0,47,45,3,4060,59184,0,0,0,3053
15,0,492,0,49,27,3,4095,59184,0,1,0,3163
15,0,493,3,62,54,3,4095,59184,0,1,0,4022
15,0,494,0,61,45,3,4095,59184,0,1,0,3949
15,0,495,0,16,27,3,64,59184,0,0,0,1051
15,0,496,0,15,55,3,0,59184,1,0,0,1015
15,0,497,0,17,47,3,224,59184,0,0,0,1135
15,0,498,0,16,31,3,70,59184,0,0,0,1055
15,0,499,1,46,62,3,3964,59184,0,0,0,3006
15,1,0,2,28,61,3,1658,0,0,0,0,0
15,1,1,0,29,59,3,1782,1594,0,0,0,0
15,1,2,3,30,54,3,1900,3376,0,0,0,0
15,1,3,0,33,44,3,2267,5276,0,0,0,0
15,1,4,0,39,24,3,3001,7543,0,0,0,0
15,1,5,2,34,48,3,2402,10544,0,0,0,0
15,1,6,0,41,32,3,3272,12882,0,0,0,0
15,1,7,3,38,1,3,2818,16154,0,0,0,0
15,1,8,0,33,2,3,2180,18972,0,0,0,0
15,1,9,0,39,5,3,2954,21152,0,0,0,0
15,1,10,0,35,11,3,2455,24106,0,0,0,0
15,1,11,0,43,22,3,3507,26561,0,0,0,0
15,1,12,0,43,45,3,3548,30068,0,0,0,0
15,1,13,0,42,26,3,3390,33616,0,0,0,0
15,1,14,1,40,53,3,3178,37006,0,0,0,0
15,1,15,2,36,43,3,2649,40184,0,0,0,0
15,1,16,0,29,23,3,1718,42769,0,0,0,0
15,1,17,3,30,47,3,1888,44487,0,0,0,0
15,1,18,0,33,31,3,2246,46375,0,0,0,0
15,1,19,0,39,62,3,3068,48621,0,0,0,0
15,1,20,0,35,60,3,2552,51689,0,0,0,0
15,1,21,1,42,56,3,3440,54241,0,0,0,0
15,1,22,3,40,49,3,3171,57681,0,0,0,0
15,1,23,0,37,34,3,2763,60852,0,0,0,0
15,1,24,0,31,5,3,1930,63615,0,0,0,0
15,1,25,0,35,11,3,2455,65545,0,0,0,0
15,1,26,1,42,23,3,3382,68000,0,0,0,0
15,1,27,2,40,46,3,3166,71382,0,0,0,0
15,1,28,0,37,28,3,2754,74484,0,0,0,0
15,1,29,0,30,57,3,1906,77238,0,0,0,0
15,1,30,1,32,51,3,2151,79144,0,0,0,0
15,1,31,2,36,39,3,2642,81295,0,0,0,0
15,1,32,0,29,14,3,1695,83873,0,0,0,0
15,1,33,2,30,28,3,1858,85568,0,0,0,0
15,1,34,0,33,57,3,2290,87362,0,0,0,0
15,1,35,2,38,50,3,2917,89652,0,0,0,0
15,1,36,0,33,36,3,2254,92505,0,0,0,0
15,1,37,1,38,8,3,2833,94759,0,0,0,0
15,1,38,3,32,17,3,2086,97592,0,0,0,0
15,1,39,0,37,34,3,2763,99678,0,0,0,0
15,1,40,0,31,5,3,1930,102441,0,0,0,0
15,1,41,3,34,10,3,2325,104371,0,0,0,0
15,1,42,0,41,21,3,3248,106696,0,0,0,0
15,1,43,0,39,42,3,3031,109944,0,0,0,0
15,1,44,0,35,20,3,2478,112975,0,0,0,0
15,1,45,2,42,41,3,3414,115453,0,0,0,0
15,1,46,0,41,19,3,3243,118803,0,0,0,0
15,1,47,1,38,38,3,2897,122046,0,0,0,0
15,1,48,3,32,13,3,2076,124943,0,0,0,0
15,1,49,0,37,27,3,2752,127019,0,0,0,0
15,1,50,0,31,55,3,2030,129771,0,0,0,0
15,1,51,0,35,46,3,2526,131801,0,0,0,0
15,1,52,2,42,29,3,3395,134327,0,0,0,0
15,1,53,0,41,58,3,3316,137658,0,0,0,0
15,1,54,3,38,52,3,2921,140974,0,0,0,0
15,1,55,0,33,41,3,2262,143895,0,0,0,0
15,1,56,0,39,19,3,2987,146157,0,0,0,0
15,1,57,0,35,39,3,2514,149144,0,0,0,0
15,1,58,1,42,14,3,3359,151658,0,0,0,0
15,1,59,3,40,29,3,3139,155017,0,0,0,0
15,1,60,0,37,58,3,2804,158156,0,0,0,0
15,1,61,0,31,53,3,2026,160960,0,0,0,0
15,1,62,0,35,43,3,2521,162986,0,0,0,0
15,1,63,2,42,23,3,3382,165507,0,0,0,0
15,1,64,0,41,46,3,3294,165507,0,0,0,0
15,1,65,3,38,28,3,2882,165507,0,0,0,0
15,1,66,0,33,57,3,2290,165507,0,0,0,0
15,1,67,0,39,51,3,3047,165507,0,0,0,0
15,1,68,2,34,39,3,2386,165507,0,0,0,0
15,1,69,0,41,14,3,3231,165507,0,0,0,0
15,1,70,2,38,29,3,2883,165507,0,0,0,0
15,1,71,0,33,58,3,2292,165507,0,0,0,0
15,1,72,2,38,53,3,2922,165507,0,0,0,0
15,1,73,0,33,43,3,2265,165507,0,0,0,0
15,1,74,2,38,22,3,2867,165507,0,0,0,0
15,1,75,0,33,45,3,2268,165507,0,0,0,0
15,1,76,3,38,26,3,2878,165507,0,0,0,0
15,1,77,0,33,53,3,2282,165507,0,0,0,0
15,1,78,0,39,42,3,3031,165507,0,0,0,0
15,1,79,0,35,21,3,2480,165507,0,0,0,0
15,1,80,3,42,42,3,3415,165507,0,0,0,0
15,1,81,0,41,21,3,3248,165507,0,0,0,0
15,1,82,0,39,42,3,3031,165507,0,0,0,0
15,1,83,0,34,21,3,2352,165507,0,0,0,0
15,1,84,0,40,43,3,3161,165507,0,0,0,0
15,1,85,0,36,23,3,2614,165507,0,0,0,0
15,1,86,0,28,46,3,1630,165507,0,0,0,0
15,1,87,1,28,29,3,1603,165507,0,0,0,0
15,1,88,2,28,59,3,1654,165507,0,0,0,0
15,1,89,0,29,54,3,1772,165507,0,0,0,0
15,1,90,3,30,44,3,1883,165507,0,0,0,0
15,1,91,0,33,24,3,2233,165507,0,0,0,0
15,1,92,0,39,48,3,3042,165507,0,0,0,0
15,1,93,0,35,32,3,2504,165507,0,0,0,0
15,1,94,3,42,0,3,3328,165507,0,0,0,0
15,1,95,0,41,1,3,3202,165507,0,0,0,0
15,1,96,0,39,2,3,2948,165507,0,0,0,0
15,1,97,0,35,5,3,2442,165507,0,0,0,0
15,1,98,0,43,11,3,3479,165507,0,0,0,0
15,1,99,2,42,23,3,3382,165507,0,0,0,0
16,0,0,0,24,31,3,1094,0,0,0,0,1567
16,0,1,0,23,31,3,966,1094,0,0,0,1503
16,0,2,0,22,31,3,838,2060,0,0,0,1439
16,0,3,0,21,31,3,710,2898,0,0,0,1375
16,0,4,0,20,31,3,582,3608,0,0,0,1311
16,0,5,0,19,31,3,454,4190,0,0,0,1247
16,0,6,0,18,31,3,326,4644,0,0,0,1183
16,0,7,0,17,31,3,198,4970,0,0,0,1119
16,0,8,0,16,31,3,70,5168,0,0,0,1055
16,0,9,0,15,31,3,0,5238,1,0,0,991
16,0,10,0,14,31,3,0,5238,1,0,0,927
16,0,11,0,13,31,3,0,5238,1,0,0,863
16,0,12,0,12,31,3,0,5238,1,0,0,799
16,0,13,0,11,31,3,0,5238,1,0,0,735
16,0,14,0,10,31,3,0,5238,1,0,0,671
16,0,15,0,9,31,3,0,5238,1,0,0,607
16,0,16,0,8,31,3,0,5238,1,0,0,543
16,0,17,0,7,31,3,0,5238,1,0,0,479
16,0,18,0,6,31,3,0,5238,1,0,0,415
16,0,19,0,5,31,3,0,5238,1,0,0,351
16,1,0,2,24,31,3,1094,0,0,0,0,1567
16,1,1,2,23,31,3,966,1030,0,0,0,1503
16,1,2,2,22,31,3,838,1932,0,0,0,1439
16,1,3,2,21,31,3,710,2706,0,0,0,1375
16,1,4,2,20,31,3,582,3352,0,0,0,1311
16,1,5,2,19,31,3,454,3870,0,0,0,1247
16,1,6,2,18,31,3,326,4260,0,0,0,1183
16,1,7,2,17,31,3,198,4522,0,0,0,1119
16,1,8,2,16,31,3,70,4656,0,0,0,1055
16,1,9,2,15,31,3,0,4662,1,0,0,991
16,1,10,2,14,31,3,0,4662,1,0,0,927
16,1,11,2,13,31,3,0,4662,1,0,0,863
16,1,12,2,12,31,3,0,4662,1,0,0,799
16,1,13,2,11,31,3,0,4662,1,0,0,735
16,1,14,2,10,31,3,0,4662,1,0,0,671
16,1,15,2,9,31,3,0,4662,1,0,0,607
16,1,16,2,8,31,3,0,4662,1,0,0,543
16,1,17,2,7,31,3,0,4662,1,0,0,479
16,1,18,2,6,31,3,0,4662,1,0,0,415
16,1,19,2,5,31,3,0,4662,1,0,0,351
16,2,0,0,47,0,1,3008,0,0,0,0,3008
16,2,1,0,47,4,1,3016,3008,0,0,0,3012
16,2,2,0,47,8,1,3024,6024,0,0,0,3016
16,2,3,0,47,12,1,3032,9048,0,0,0,3020
16,2,4,0,47,16,1,3040,12080,0,0,0,3024
16,2,5,0,47,20,1,3048,15120,0,0,0,3028
16,2,6,0,47,24,1,3056,18168,0,0,0,3032
16,2,7,0,47,28,1,3064,21224,0,0,0,3036
16,2,8,0,47,32,1,3072,24288,0,0,1,3040
16,2,9,0,47,36,1,3076,27360,0,0,1,3044
16,2,10,0,47,40,1,3080,30436,0,0,1,3048
16,2,11,0,47,44,1,3084,33516,0,0,1,3052
16,2,12,0,47,48,1,3088,36600,0,0,1,3056
16,2,13,0,47,52,1,3092,39688,0,0,1,3060
16,2,14,0,47,56,1,3096,42780,0,0,1,3064
16,2,15,0,47,60,1,3100,45876,0,0,1,3068
16,3,0,2,47,0,1,3008,0,0,0,0,3008
16,3,1,2,47,4,1,3016,2944,0,0,0,3012
16,3,2,2,47,8,1,3024,5896,0,0,0,3016
16,3,3,2,47,12,1,3032,8856,0,0,0,3020
16,3,4,2,47,16,1,3040,11824,0,0,0,3024
16,3,5,2,47,20,1,3048,14800,0,0,0,3028
16,3,6,2,47,24,1,3056,17784,0,0,0,3032
16,3,7,2,47,28,1,3064,20776,0,0,0,3036
16,3,8,2,47,32,1,3072,23776,0,0,1,3040
16,3,9,2,47,36,1,3076,26784,0,0,1,3044
16,3,10,2,47,40,1,3080,29796,0,0,1,3048
16,3,11,2,47,44,1,3084,32812,0,0,1,3052
16,3,12,2,47,48,1,3088,35832,0,0,1,3056
16,3,13,2,47,52,1,3092,38856,0,0,1,3060
16,3,14,2,47,56,1,3096,41884,0,0,1,3064
16,3,15,2,47,60,1,3100,44916,0,0,1,3068
16,4,0,0,24,31,3,1567,0,0,0,0,1567
16,4,1,0,23,31,3,1503,0,0,0,0,1503
16,4,2,0,22,31,3,1439,0,0,0,0,1439
16,4,3,0,21,31,3,1375,0,0,0,0,1375
16,4,4,0,20,31,3,1311,0,0,0,0,1311
16,4,5,0,19,31,3,1247,0,0,0,0,1247
16,4,6,0,18,31,3,1183,0,0,0,0,1183
16,4,7,0,17,31,3,1119,0,0,0,0,1119
16,4,8,0,16,31,3,1055,0,0,0,0,1055
16,4,9,0,15,31,3,991,0,0,0,0,991
16,4,10,0,14,31,3,927,0,0,0,0,927
16,4,11,0,13,31,3,863,0,0,0,0,863
16,4,12,0,12,31,3,799,0,0,0,0,799
16,4,13,0,11,31,3,735,0,0,0,0,735
16,4,14,0,10,31,3,671,0,0,0,0,671
16,4,15,0,9,31,3,607,0,0,0,0,607
16,4,16,0,8,31,3,543,0,0,0,0,543
16,4,17,0,7,31,3,479,0,0,0,0,479
16,4,18,0,6,31,3,415,0,0,0,0,415
16,4,19,0,5,31,3,351,0,0,0,0,351
16,4,20,0,4,31,3,287,0,0,0,0,287
16,4,21,0,3,31,3,223,0,0,0,0,223
16,4,22,0,2,31,3,159,0,0,0,0,159
16,4,23,0,1,31,3,95,0,0,0,0,95
16,4,24,0,0,31,3,31,0,0,0,0,31
16,5,0,2,24,31,3,1567,0,0,0,0,1567
16,5,1,2,23,31,3,1503,0,0,0,0,1503
16,5,2,2,22,31,3,1439,0,0,0,0,1439
16,5,3,2,21,31,3,1375,0,0,0,0,1375
16,5,4,2,20,31,3,1311,0,0,0,0,1311
16,5,5,2,19,31,3,1247,0,0,0,0,1247
16,5,6,2,18,31,3,1183,0,0,0,0,1183
16,5,7,2,17,31,3,1119,0,0,0,0,1119
16,5,8,2,16,31,3,1055,0,0,0,0,1055
16,5,9,2,15,31,3,991,0,0,0,0,991
16,5,10,2,14,31,3,927,0,0,0,0,927
16,5,11,2,13,31,3,863,0,0,0,0,863
16,5,12,2,12,31,3,799,0,0,0,0,799
16,5,13,2,11,31,3,735,0,0,0,0,735
16,5,14,2,10,31,3,671,0,0,0,0,671
16,5,15,2,9,31,3,607,0,0,0,0,607
16,5,16,2,8,31,3,543,0,0,0,0,543
16,5,17,2,7,31,3,479,0,0,0,0,479
16,5,18,2,6,31,3,415,0,0,0,0,415
16,5,19,2,5,31,3,351,0,0,0,0,351
16,5,20,2,4,31,3,287,0,0,0,0,287
16,5,21,2,3,31,3,223,0,0,0,0,223
16,5,22,2,2,31,3,159,0,0,0,0,159
16,5,23,2,1,31,3,95,0,0,0,0,95
16,5,24,2,0,31,3,31,0,0,0,0,31
16,6,0,0,32,31,3,2118,0,0,0,0,2079
16,6,1,0,31,31,3,1990,2118,0,0,0,2015
16,6,2,0,30,31,3,1862,4108,0,0,0,1951
16,6,3,0,29,31,3,1734,5970,0,0,0,1887
16,6,4,0,28,31,3,1606,7704,0,0,0,1823
16,6,5,0,27,31,3,1478,9310,0,0,0,1759
16,6,6,0,26,31,3,1350,10788,0,0,0,1695
16,6,7,0,25,31,3,1222,12138,0,0,0,1631
16,6,8,0,24,31,3,1094,13360,0,0,0,1567
16,6,9,0,23,31,3,966,14454,0,0,0,1503
16,6,10,0,22,31,3,838,15420,0,0,0,1439
16,6,11,0,21,31,3,710,16258,0,0,0,1375
16,6,12,0,20,31,3,582,16968,0,0,0,1311
16,6,13,0,19,31,3,454,17550,0,0,0,1247
16,6,14,0,18,31,3,326,18004,0,0,0,1183
16,6,15,0,17,31,3,198,18330,0,0,0,1119
16,6,16,2,16,31,3,70,18528,0,0,0,1055
16,6,17,2,15,31,3,0,18534,1,0,0,991
16,6,18,2,14,31,3,0,18534,1,0,0,927
16,6,19,2,13,31,3,0,18534,1,0,0,863
16,6,20,2,12,31,3,0,18534,1,0,0,799
16,6,21,2,11,31,3,0,18534,1,0,0,735
16,6,22,2,10,31,3,0,18534,1,0,0,671
16,6,23,2,9,31,3,0,18534,1,0,0,607
16,6,24,2,8,31,3,0,18534,1,0,0,543
16,6,25,2,7,31,3,0,18534,1,0,0,479
16,6,26,2,6,31,3,0,18534,1,0,0,415
16,6,27,2,5,31,3,0,18534,1,0,0,351
16,6,28,2,4,31,3,0,18534,1,0,0,287
16,6,29,2,3,31,3,0,18534,1,0,0,223
16,6,30,2,2,31,3,0,18534,1,0,0,159
16,6,31,2,1,31,3,0,18534,1,0,0,95
17,0,0,0,32,0,3,2048,0,0,0,0,0
17,0,1,0,32,0,3,2048,2048,0,0,0,0
17,0,2,0,32,0,3,2048,4096,0,0,0,0
17,0,3,0,32,0,3,2048,6144,0,0,0,0
17,1,4,0,15,0,3,0,8192,1,0,0,0
17,1,5,0,16,0,3,0,8192,0,0,0,0
17,1,6,0,15,0,3,0,8192,1,0,0,0
17,1,7,0,16,0,3,0,8192,0,0,0,0
17,2,8,0,24,0,1,1536,8192,0,0,0,0
17,2,9,0,24,0,1,1536,9728,0,0,0,0
17,2,10,0,24,0,1,1536,11264,0,0,0,0
17,2,11,0,24,0,1,1536,12800,0,0,0,0
17,0,16,0,32,13,3,2076,14336,0,0,0,1
17,0,17,0,32,13,3,2076,16412,0,0,0,1
17,0,18,0,32,13,3,2076,18488,0,0,0,1
17,0,19,0,32,13,3,2076,20564,0,0,0,1
17,1,20,0,15,13,3,0,22640,1,0,0,1
17,1,21,0,16,13,3,28,22640,0,0,0,1
17,1,22,0,15,13,3,0,22668,1,0,0,1
17,1,23,0,16,13,3,28,22668,0,0,0,1
17,2,24,0,24,13,1,1562,22696,0,0,0,1
17,2,25,0,24,13,1,1562,24258,0,0,0,1
17,2,26,0,24,13,1,1562,25820,0,0,0,1
17,2,27,0,24,13,1,1562,27382,0,0,0,1
17,0,32,0,32,26,3,2110,28944,0,0,0,2
17,0,33,0,32,26,3,2110,31054,0,0,0,2
17,0,34,0,32,26,3,2110,33164,0,0,0,2
17,0,35,0,32,26,3,2110,35274,0,0,0,2
17,1,36,0,15,26,3,0,37384,1,0,0,2
17,1,37,0,16,26,3,62,37384,0,0,0,2
17,1,38,0,15,26,3,0,37446,1,0,0,2
17,1,39,0,16,26,3,62,37446,0,0,0,2
17,2,40,0,24,26,1,1588,37508,0,0,0,2
17,2,41,0,24,26,1,1588,39096,0,0,0,2
17,2,42,0,24,26,1,1588,40684,0,0,0,2
17,2,43,0,24,26,1,1588,42272,0,0,0,2
17,0,48,0,32,39,3,2130,43860,0,0,0,3
17,0,49,0,32,39,3,2130,45990,0,0,0,3
17,0,50,0,32,39,3,2130,48120,0,0,0,3
17,0,51,0,32,39,3,2130,50250,0,0,0,3
17,1,52,0,15,39,3,0,52380,1,0,0,3
17,1,53,0,16,39,3,82,52380,0,0,0,3
17,1,54,0,15,39,3,0,52462,1,0,0,3
17,1,55,0,16,39,3,82,52462,0,0,0,3
17,2,56,0,24,39,1,1607,52544,0,0,1,3
17,2,57,0,24,39,1,1607,54151,0,0,1,3
17,2,58,0,24,39,1,1607,55758,0,0,1,3
17,2,59,0,24,39,1,1607,57365,0,0,1,3
17,0,64,0,32,52,3,2153,58972,0,0,0,4
17,0,65,0,32,52,3,2153,61125,0,0,0,4
17,0,66,0,32,52,3,2153,63278,0,0,0,4
17,0,67,0,32,52,3,2153,65431,0,0,0,4
17,1,68,0,15,52,3,0,67584,1,0,0,4
17,1,69,0,16,52,3,105,67584,0,0,0,4
17,1,70,0,15,52,3,0,67689,1,0,0,4
17,1,71,0,16,52,3,105,67689,0,0,0,4
17,2,72,0,24,52,1,1620,67794,0,0,1,4
17,2,73,0,24,52,1,1620,69414,0,0,1,4
17,2,74,0,24,52,1,1620,71034,0,0,1,4
17,2,75,0,24,52,1,1620,72654,0,0,1,4
17,0,80,0,32,1,3,2050,74274,0,0,0,5
17,0,81,0,32,1,3,2050,76324,0,0,0,5
17,0,82,0,32,1,3,2050,78374,0,0,0,5
17,0,83,0,32,1,3,2050,80424,0,0,0,5
17,1,84,0,15,1,3,0,80424,1,0,0,5
17,1,85,0,16,1,3,2,80424,0,0,0,5
17,1,86,0,15,1,3,0,80424,1,0,0,5
17,1,87,0,16,1,3,2,80424,0,0,0,5
17,2,88,0,24,1,1,1538,80424,0,0,0,5
17,2,89,0,24,1,1,1538,80424,0,0,0,5
17,2,90,0,24,1,1,1538,80424,0,0,0,5
17,2,91,0,24,1,1,1538,80424,0,0,0,5
17,0,96,0,32,14,3,2079,80424,0,0,0,6
17,0,97,0,32,14,3,2079,80424,0,0,0,6
17,0,98,0,32,14,3,2079,80424,0,0,0,6
17,0,99,0,32,14,3,2079,80424,0,0,0,6
17,1,100,0,15,14,3,0,80424,1,0,0,6
17,1,101,0,16,14,3,31,80424,0,0,0,6
17,1,102,0,15,14,3,0,80424,1,0,0,6
17,1,103,0,16,14,3,31,80424,0,0,0,6
17,2,104,0,24,14,1,1564,80424,0,0,0,6
17,2,105,0,24,14,1,1564,80424,0,0,0,6
17,2,106,0,24,14,1,1564,80424,0,0,0,6
17,2,107,0,24,14,1,1564,80424,0,0,0,6
17,0,112,0,32,27,3,2112,80424,0,0,0,7
17,0,113,0,32,27,3,2112,80424,0,0,0,7
17,0,114,0,32,27,3,2112,80424,0,0,0,7
17,0,115,0,32,27,3,2112,80424,0,0,0,7
17,1,116,0,15,27,3,0,80424,1,0,0,7
17,1,117,0,16,27,3,64,80424,0,0,0,7
17,1,118,0,15,27,3,0,80424,1,0,0,7
17,1,119,0,16,27,3,64,80424,0,0,0,7
17,2,120,0,24,27,1,1590,80424,0,0,0,7
17,2,121,0,24,27,1,1590,80424,0,0,0,7
17,2,122,0,24,27,1,1590,80424,0,0,0,7
17,2,123,0,24,27,1,1590,80424,0,0,0,7
17,0,128,0,32,40,3,2132,0,0,0,0,8
17,0,129,0,32,40,3,2132,2132,0,0,0,8
17,0,130,0,32,40,3,2132,4264,0,0,0,8
17,0,131,0,32,40,3,2132,6396,0,0,0,8
17,1,132,0,15,40,3,0,8528,1,0,0,8
17,1,133,0,16,40,3,84,8528,0,0,0,8
17,1,134,0,15,40,3,0,8612,1,0,0,8
17,1,135,0,16,40,3,84,8612,0,0,0,8
17,2,136,0,24,40,1,1608,8696,0,0,1,8
17,2,137,0,24,40,1,1608,10304,0,0,1,8
17,2,138,0,24,40,1,1608,11912,0,0,1,8
17,2,139,0,24,40,1,1608,13520,0,0,1,8
17,0,144,0,32,53,3,2154,15128,0,0,0,9
17,0,145,0,32,53,3,2154,17282,0,0,0,9
17,0,146,0,32,53,3,2154,19436,0,0,0,9
17,0,147,0,32,53,3,2154,21590,0,0,0,9
17,1,148,0,15,53,3,0,23744,1,0,0,9
17,1,149,0,16,53,3,106,23744,0,0,0,9
17,1,150,0,15,53,3,0,23850,1,0,0,9
17,1,151,0,16,53,3,106,23850,0,0,0,9
17,2,152,0,24,53,1,1621,23956,0,0,1,9
17,2,153,0,24,53,1,1621,25577,0,0,1,9
17,2,154,0,24,53,1,1621,27198,0,0,1,9
17,2,155,0,24,53,1,1621,28819,0,0,1,9
17,0,160,0,32,2,3,2052,30440,0,0,0,10
17,0,161,0,32,2,3,2052,32492,0,0,0,10
17,0,162,0,32,2,3,2052,34544,0,0,0,10
17,0,163,0,32,2,3,2052,36596,0,0,0,10
17,1,164,0,15,2,3,0,38648,1,0,0,10
17,1,165,0,16,2,3,4,38648,0,0,0,10
17,1,166,0,15,2,3,0,38652,1,0,0,10
17,1,167,0,16,2,3,4,38652,0,0,0,10
17,2,168,0,24,2,1,1540,38656,0,0,0,10
17,2,169,0,24,2,1,1540,40196,0,0,0,10
17,2,170,0,24,2,1,1540,41736,0,0,0,10
17,2,171,0,24,2,1,1540,43276,0,0,0,10
17,0,176,0,32,15,3,2081,44816,0,0,0,11
17,0,177,0,32,15,3,2081,46897,0,0,0,11
17,0,178,0,32,15,3,2081,48978,0,0,0,11
17,0,179,0,32,15,3,2081,51059,0,0,0,11
17,1,180,0,15,15,3,0,53140,1,0,0,11
17,1,181,0,16,15,3,33,53140,0,0,0,11
17,1,182,0,15,15,3,0,53173,1,0,0,11
17,1,183,0,16,15,3,33,53173,0,0,0,11
17,2,184,0,24,15,1,1566,53206,0,0,0,11
17,2,185,0,24,15,1,1566,54772,0,0,0,11
17,2,186,0,24,15,1,1566,56338,0,0,0,11
17,2,187,0,24,15,1,1566,57904,0,0,0,11
17,0,192,0,32,28,3,2114,59470,0,0,0,12
17,0,193,0,32,28,3,2114,61584,0,0,0,12
17,0,194,0,32,28,3,2114,63698,0,0,0,12
17,0,195,0,32,28,3,2114,65812,0,0,0,12
17,1,196,0,15,28,3,0,67926,1,0,0,12
17,1,197,0,16,28,3,66,67926,0,0,0,12
17,1,198,0,15,28,3,0,67992,1,0,0,12
17,1,199,0,16,28,3,66,67992,0,0,0,12
17,2,200,0,24,28,1,1592,68058,0,0,0,12
17,2,201,0,24,28,1,1592,69650,0,0,0,12
17,2,202,0,24,28,1,1592,71242,0,0,0,12
17,2,203,0,24,28,1,1592,72834,0,0,0,12
17,0,208,0,32,41,3,2134,74426,0,0,0,13
17,0,209,0,32,41,3,2134,76560,0,0,0,13
17,0,210,0,32,41,3,2134,78694,0,0,0,13
17,0,211,0,32,41,3,2134,80828,0,0,0,13
17,1,212,0,15,41,3,0,80828,1,0,0,13
17,1,213,0,16,41,3,86,80828,0,0,0,13
17,1,214,0,15,41,3,0,80828,1,0,0,13
17,1,215,0,16,41,3,86,80828,0,0,0,13
17,2,216,0,24,41,1,1609,80828,0,0,1,13
17,2,217,0,24,41,1,1609,80828,0,0,1,13
17,2,218,0,24,41,1,1609,80828,0,0,1,13
17,2,219,0,24,41,1,1609,80828,0,0,1,13
17,0,224,0,32,54,3,2156,80828,0,0,0,14
17,0,225,0,32,54,3,2156,80828,0,0,0,14
17,0,226,0,32,54,3,2156,80828,0,0,0,14
17,0,227,0,32,54,3,2156,80828,0,0,0,14
17,1,228,0,15,54,3,0,80828,1,0,0,14
17,1,229,0,16,54,3,108,80828,0,0,0,14
17,1,230,0,15,54,3,0,80828,1,0,0,14
17,1,231,0,16,54,3,108,80828,0,0,0,14
17,2,232,0,24,54,1,1622,80828,0,0,1,14
17,2,233,0,24,54,1,1622,80828,0,0,1,14
17,2,234,0,24,54,1,1622,80828,0,0,1,14
17,2,235,0,24,54,1,1622,80828,0,0,1,14
17,0,240,0,32,3,3,2054,80828,0,0,0,15
17,0,241,0,32,3,3,2054,80828,0,0,0,15
17,0,242,0,32,3,3,2054,80828,0,0,0,15
17,0,243,0,32,3,3,2054,80828,0,0,0,15
17,1,244,0,15,3,3,0,80828,1,0,0,15
17,1,245,0,16,3,3,6,80828,0,0,0,15
17,1,246,0,15,3,3,0,80828,1,0,0,15
17,1,247,0,16,3,3,6,80828,0,0,0,15
17,2,248,0,24,3,1,1542,80828,0,0,0,15
17,2,249,0,24,3,1,1542,80828,0,0,0,15
17,2,250,0,24,3,1,1542,80828,0,0,0,15
17,2,251,0,24,3,1,1542,80828,0,0,0,15
17,0,256,0,32,16,3,2084,0,0,0,0,16
17,0,257,0,32,16,3,2084,2084,0,0,0,16
17,0,258,0,32,16,3,2084,4168,0,0,0,16
17,0,259,0,32,16,3,2084,6252,0,0,0,16
17,1,260,0,15,16,3,0,8336,1,0,0,16
17,1,261,0,16,16,3,36,8336,0,0,0,16
17,1,262,0,15,16,3,0,8372,1,0,0,16
17,1,263,0,16,16,3,36,8372,0,0,0,16
17,2,264,0,24,16,1,1568,8408,0,0,0,16
17,2,265,0,24,16,1,1568,9976,0,0,0,16
17,2,266,0,24,16,1,1568,11544,0,0,0,16
17,2,267,0,24,16,1,1568,13112,0,0,0,16
17,0,272,0,32,29,3,2115,14680,0,0,0,17
17,0,273,0,32,29,3,2115,16795,0,0,0,17
17,0,274,0,32,29,3,2115,18910,0,0,0,17
17,0,275,0,32,29,3,2115,21025,0,0,0,17
17,1,276,0,15,29,3,0,23140,1,0,0,17
17,1,277,0,16,29,3,67,23140,0,0,0,17
17,1,278,0,15,29,3,0,23207,1,0,0,17
17,1,279,0,16,29,3,67,23207,0,0,0,17
17,2,280,0,24,29,1,1594,23274,0,0,0,17
17,2,281,0,24,29,1,1594,24868,0,0,0,17
17,2,282,0,24,29,1,1594,26462,0,0,0,17
17,2,283,0,24,29,1,1594,28056,0,0,0,17
17,0,288,0,32,42,3,2135,29650,0,0,0,18
17,0,289,0,32,42,3,2135,31785,0,0,0,18
17,0,290,0,32,42,3,2135,33920,0,0,0,18
17,0,291,0,32,42,3,2135,36055,0,0,0,18
17,1,292,0,15,42,3,0,38190,1,0,0,18
17,1,293,0,16,42,3,87,38190,0,0,0,18
17,1,294,0,15,42,3,0,38277,1,0,0,18
17,1,295,0,16,42,3,87,38277,0,0,0,18
17,2,296,0,24,42,1,1610,38364,0,0,1,18
17,2,297,0,24,42,1,1610,39974,0,0,1,18
17,2,298,0,24,42,1,1610,41584,0,0,1,18
17,2,299,0,24,42,1,1610,43194,0,0,1,18
17,0,304,0,32,55,3,2158,44804,0,0,0,19
17,0,305,0,32,55,3,2158,46962,0,0,0,19
17,0,306,0,32,55,3,2158,49120,0,0,0,19
17,0,307,0,32,55,3,2158,51278,0,0,0,19
17,1,308,0,15,55,3,0,53436,1,0,0,19
17,1,309,0,16,55,3,110,53436,0,0,0,19
17,1,310,0,15,55,3,0,53546,1,0,0,19
17,1,311,0,16,55,3,110,53546,0,0,0,19
17,2,312,0,24,55,1,1623,53656,0,0,1,19
17,2,313,0,24,55,1,1623,55279,0,0,1,19
17,2,314,0,24,55,1,1623,56902,0,0,1,19
17,2,315,0,24,55,1,1623,58525,0,0,1,19
17,0,320,0,32,4,3,2056,60148,0,0,0,20
17,0,321,0,32,4,3,2056,62204,0,0,0,20
17,0,322,0,32,4,3,2056,64260,0,0,0,20
17,0,323,0,32,4,3,2056,66316,0,0,0,20
17,1,324,0,15,4,3,0,68372,1,0,0,20
17,1,325,0,16,4,3,8,68372,0,0,0,20
17,1,326,0,15,4,3,0,68380,1,0,0,20
17,1,327,0,16,4,3,8,68380,0,0,0,20
17,2,328,0,24,4,1,1544,68388,0,0,0,20
17,2,329,0,24,4,1,1544,69932,0,0,0,20
17,2,330,0,24,4,1,1544,71476,0,0,0,20
17,2,331,0,24,4,1,1544,73020,0,0,0,20
17,0,336,0,32,17,3,2086,74564,0,0,0,21
17,0,337,0,32,17,3,2086,76650,0,0,0,21
17,0,338,0,32,17,3,2086,78736,0,0,0,21
17,0,339,0,32,17,3,2086,80822,0,0,0,21
17,1,340,0,15,17,3,0,80822,1,0,0,21
17,1,341,0,16,17,3,38,80822,0,0,0,21
17,1,342,0,15,17,3,0,80822,1,0,0,21
17,1,343,0,16,17,3,38,80822,0,0,0,21
17,2,344,0,24,17,1,1570,80822,0,0,0,21
17,2,345,0,24,17,1,1570,80822,0,0,0,21
17,2,346,0,24,17,1,1570,80822,0,0,0,21
17,2,347,0,24,17,1,1570,80822,0,0,0,21
17,0,352,0,32,30,3,2117,80822,0,0,0,22
17,0,353,0,32,30,3,2117,80822,0,0,0,22
17,0,354,0,32,30,3,2117,80822,0,0,0,22
17,0,355,0,32,30,3,2117,80822,0,0,0,22
17,1,356,0,15,30,3,0,80822,1,0,0,22
17,1,357,0,16,30,3,69,80822,0,0,0,22
17,1,358,0,15,30,3,0,80822,1,0,0,22
17,1,359,0,16,30,3,69,80822,0,0,0,22
17,2,360,0,24,30,1,1596,80822,0,0,0,22
17,2,361,0,24,30,1,1596,80822,0,0,0,22
17,2,362,0,24,30,1,1596,80822,0,0,0,22
17,2,363,0,24,30,1,1596,80822,0,0,0,22
17,0,368,0,32,43,3,2137,80822,0,0,0,23
17,0,369,0,32,43,3,2137,80822,0,0,0,23
17,0,370,0,32,43,3,2137,80822,0,0,0,23
17,0,371,0,32,43,3,2137,80822,0,0,0,23
17,1,372,0,15,43,3,0,80822,1,0,0,23
17,1,373,0,16,43,3,89,80822,0,0,0,23
17,1,374,0,15,43,3,0,80822,1,0,0,23
17,1,375,0,16,43,3,89,80822,0,0,0,23
17,2,376,0,24,43,1,1611,80822,0,0,1,23
17,2,377,0,24,43,1,1611,80822,0,0,1,23
17,2,378,0,24,43,1,1611,80822,0,0,1,23
17,2,379,0,24,43,1,1611,80822,0,0,1,23
17,0,384,0,32,56,3,2160,0,0,0,0,24
17,0,385,0,32,56,3,2160,2160,0,0,0,24
17,0,386,0,32,56,3,2160,4320,0,0,0,24
17,0,387,0,32,56,3,2160,6480,0,0,0,24
17,1,388,0,15,56,3,0,8640,1,0,0,24
17,1,389,0,16,56,3,112,8640,0,0,0,24
17,1,390,0,15,56,3,0,8752,1,0,0,24
17,1,391,0,16,56,3,112,8752,0,0,0,24
17,2,392,0,24,56,1,1624,8864,0,0,1,24
17,2,393,0,24,56,1,1624,10488,0,0,1,24
17,2,394,0,24,56,1,1624,12112,0,0,1,24
17,2,395,0,24,56,1,1624,13736,0,0,1,24
17,0,400,0,32,5,3,2058,15360,0,0,0,25
17,0,401,0,32,5,3,2058,17418,0,0,0,25
17,0,402,0,32,5,3,2058,19476,0,0,0,25
17,0,403,0,32,5,3,2058,21534,0,0,0,25
17,1,404,0,15,5,3,0,23592,1,0,0,25
17,1,405,0,16,5,3,10,23592,0,0,0,25
17,1,406,0,15,5,3,0,23602,1,0,0,25
17,1,407,0,16,5,3,10,23602,0,0,0,25
17,2,408,0,24,5,1,1546,23612,0,0,0,25
17,2,409,0,24,5,1,1546,25158,0,0,0,25
17,2,410,0,24,5,1,1546,26704,0,0,0,25
17,2,411,0,24,5,1,1546,28250,0,0,0,25
17,0,416,0,32,18,3,2089,29796,0,0,0,26
17,0,417,0,32,18,3,2089,31885,0,0,0,26
17,0,418,0,32,18,3,2089,33974,0,0,0,26
17,0,419,0,32,18,3,2089,36063,0,0,0,26
17,1,420,0,15,18,3,0,38152,1,0,0,26
17,1,421,0,16,18,3,41,38152,0,0,0,26
17,1,422,0,15,18,3,0,38193,1,0,0,26
17,1,423,0,16,18,3,41,38193,0,0,0,26
17,2,424,0,24,18,1,1572,38234,0,0,0,26
17,2,425,0,24,18,1,1572,39806,0,0,0,26
17,2,426,0,24,18,1,1572,41378,0,0,0,26
17,2,427,0,24,18,1,1572,42950,0,0,0,26
17,0,432,0,32,31,3,2118,44522,0,0,0,27
17,0,433,0,32,31,3,2118,46640,0,0,0,27
17,0,434,0,32,31,3,2118,48758,0,0,0,27
17,0,435,0,32,31,3,2118,50876,0,0,0,27
17,1,436,0,15,31,3,0,52994,1,0,0,27
17,1,437,0,16,31,3,70,52994,0,0,0,27
17,1,438,0,15,31,3,0,53064,1,0,0,27
17,1,439,0,16,31,3,70,53064,0,0,0,27
17,2,440,0,24,31,1,1598,53134,0,0,0,27
17,2,441,0,24,31,1,1598,54732,0,0,0,27
17,2,442,0,24,31,1,1598,56330,0,0,0,27
17,2,443,0,24,31,1,1598,57928,0,0,0,27
17,0,448,0,32,44,3,2139,59526,0,0,0,28
17,0,449,0,32,44,3,2139,61665,0,0,0,28
17,0,450,0,32,44,3,2139,63804,0,0,0,28
17,0,451,0,32,44,3,2139,65943,0,0,0,28
17,1,452,0,15,44,3,0,68082,1,0,0,28
17,1,453,0,16,44,3,91,68082,0,0,0,28
17,1,454,0,15,44,3,0,68173,1,0,0,28
17,1,455,0,16,44,3,91,68173,0,0,0,28
17,2,456,0,24,44,1,1612,68264,0,0,1,28
17,2,457,0,24,44,1,1612,69876,0,0,1,28
17,2,458,0,24,44,1,1612,71488,0,0,1,28
17,2,459,0,24,44,1,1612,73100,0,0,1,28
17,0,464,0,32,57,3,2162,74712,0,0,0,29
17,0,465,0,32,57,3,2162,76874,0,0,0,29
17,0,466,0,32,57,3,2162,79036,0,0,0,29
17,0,467,0,32,57,3,2162,81198,0,0,0,29
17,1,468,0,15,57,3,0,81198,1,0,0,29
17,1,469,0,16,57,3,114,81198,0,0,0,29
17,1,470,0,15,57,3,0,81198,1,0,0,29
17,1,471,0,16,57,3,114,81198,0,0,0,29
17,2,472,0,24,57,1,1625,81198,0,0,1,29
17,2,473,0,24,57,1,1625,81198,0,0,1,29
17,2,474,0,24,57,1,1625,81198,0,0,1,29
17,2,475,0,24,57,1,1625,81198,0,0,1,29
17,0,480,0,32,6,3,2060,81198,0,0,0,30
17,0,481,0,32,6,3,2060,81198,0,0,0,30
17,0,482,0,32,6,3,2060,81198,0,0,0,30
17,0,483,0,32,6,3,2060,81198,0,0,0,30
17,1,484,0,15,6,3,0,81198,1,0,0,30
17,1,485,0,16,6,3,12,81198,0,0,0,30
17,1,486,0,15,6,3,0,81198,1,0,0,30
17,1,487,0,16,6,3,12,81198,0,0,0,30
17,2,488,0,24,6,1,1548,81198,0,0,0,30
17,2,489,0,24,6,1,1548,81198,0,0,0,30
17,2,490,0,24,6,1,1548,81198,0,0,0,30
17,2,491,0,24,6,1,1548,81198,0,0,0,30
17,0,496,0,32,19,3,2091,81198,0,0,0,31
17,0,497,0,32,19,3,2091,81198,0,0,0,31
17,0,498,0,32,19,3,2091,81198,0,0,0,31
17,0,499,0,32,19,3,2091,81198,0,0,0,31
17,1,500,0,15,19,3,0,81198,1,0,0,31
17,1,501,0,16,19,3,43,81198,0,0,0,31
17,1,502,0,15,19,3,0,81198,1,0,0,31
17,1,503,0,16,19,3,43,81198,0,0,0,31
17,2,504,0,24,19,1,1574,81198,0,0,0,31
17,2,505,0,24,19,1,1574,81198,0,0,0,31
17,2,506,0,24,19,1,1574,81198,0,0,0,31
17,2,507,0,24,19,1,1574,81198,0,0,0,31
17,0,512,2,32,32,3,2120,0,0,0,0,32
17,0,513,2,32,32,3,2120,2056,0,0,0,32
17,0,514,2,32,32,3,2120,4112,0,0,0,32
17,0,515,2,32,32,3,2120,6168,0,0,0,32
17,1,516,2,15,32,3,0,8224,1,0,0,32
17,1,517,2,16,32,3,72,8224,0,0,0,32
17,1,518,2,15,32,3,0,8232,1,0,0,32
17,1,519,2,16,32,3,72,8232,0,0,0,32
17,2,520,2,24,32,1,1600,8240,0,0,1,32
17,2,521,2,24,32,1,1600,9776,0,0,1,32
17,2,522,2,24,32,1,1600,11312,0,0,1,32
17,2,523,2,24,32,1,1600,12848,0,0,1,32
17,0,528,2,32,45,3,2140,14384,0,0,0,33
17,0,529,2,32,45,3,2140,16460,0,0,0,33
17,0,530,2,32,45,3,2140,18536,0,0,0,33
17,0,531,2,32,45,3,2140,20612,0,0,0,33
17,1,532,2,15,45,3,0,22688,1,0,0,33
17,1,533,2,16,45,3,92,22688,0,0,0,33
17,1,534,2,15,45,3,0,22716,1,0,0,33
17,1,535,2,16,45,3,92,22716,0,0,0,33
17,2,536,2,24,45,1,1613,22744,0,0,1,33
17,2,537,2,24,45,1,1613,24293,0,0,1,33
17,2,538,2,24,45,1,1613,25842,0,0,1,33
17,2,539,2,24,45,1,1613,27391,0,0,1,33
17,0,544,2,32,58,3,2164,28940,0,0,0,34
17,0,545,2,32,58,3,2164,31040,0,0,0,34
17,0,546,2,32,58,3,2164,33140,0,0,0,34
17,0,547,2,32,58,3,2164,35240,0,0,0,34
17,1,548,2,15,58,3,0,37340,1,0,0,34
17,1,549,2,16,58,3,116,37340,0,0,0,34
17,1,550,2,15,58,3,0,37392,1,0,0,34
17,1,551,2,16,58,3,116,37392,0,0,0,34
17,2,552,2,24,58,1,1626,37444,0,0,1,34
17,2,553,2,24,58,1,1626,39006,0,0,1,34
17,2,554,2,24,58,1,1626,40568,0,0,1,34
17,2,555,2,24,58,1,1626,42130,0,0,1,34
17,0,560,2,32,7,3,2062,43692,0,0,0,35
17,0,561,2,32,7,3,2062,45690,0,0,0,35
17,0,562,2,32,7,3,2062,47688,0,0,0,35
17,0,563,2,32,7,3,2062,49686,0,0,0,35
17,1,564,2,15,7,3,0,51684,1,0,0,35
17,1,565,2,16,7,3,14,51684,0,0,0,35
17,1,566,2,15,7,3,0,51698,1,0,0,35
17,1,567,2,16,7,3,14,51698,0,0,0,35
17,2,568,2,24,7,1,1550,51712,0,0,0,35
17,2,569,2,24,7,1,1550,53198,0,0,0,35
17,2,570,2,24,7,1,1550,54684,0,0,0,35
17,2,571,2,24,7,1,1550,56170,0,0,0,35
17,0,576,2,32,20,3,2094,57656,0,0,0,36
17,0,577,2,32,20,3,2094,59686,0,0,0,36
17,0,578,2,32,20,3,2094,61716,0,0,0,36
17,0,579,2,32,20,3,2094,63746,0,0,0,36
17,1,580,2,15,20,3,0,65776,1,0,0,36
17,1,581,2,16,20,3,46,65776,0,0,0,36
17,1,582,2,15,20,3,0,65822,1,0,0,36
17,1,583,2,16,20,3,46,65822,0,0,0,36
17,2,584,2,24,20,1,1576,65868,0,0,0,36
17,2,585,2,24,20,1,1576,67380,0,0,0,36
17,2,586,2,24,20,1,1576,68892,0,0,0,36
17,2,587,2,24,20,1,1576,70404,0,0,0,36
17,0,592,2,32,33,3,2121,71916,0,0,0,37
17,0,593,2,32,33,3,2121,73973,0,0,0,37
17,0,594,2,32,33,3,2121,76030,0,0,0,37
17,0,595,2,32,33,3,2121,78087,0,0,0,37
17,1,596,2,15,33,3,0,78087,1,0,0,37
17,1,597,2,16,33,3,73,78087,0,0,0,37
17,1,598,2,15,33,3,0,78087,1,0,0,37
17,1,599,2,16,33,3,73,78087,0,0,0,37
17,2,600,2,24,33,1,1601,78087,0,0,1,37
17,2,601,2,24,33,1,1601,78087,0,0,1,37
17,2,602,2,24,33,1,1601,78087,0,0,1,37
17,2,603,2,24,33,1,1601,78087,0,0,1,37
17,0,608,2,32,46,3,2142,78087,0,0,0,38
17,0,609,2,32,46,3,2142,78087,0,0,0,38
17,0,610,2,32,46,3,2142,78087,0,0,0,38
17,0,611,2,32,46,3,2142,78087,0,0,0,38
17,1,612,2,15,46,3,0,78087,1,0,0,38
17,1,613,2,16,46,3,94,78087,0,0,0,38
17,1,614,2,15,46,3,0,78087,1,0,0,38
17,1,615,2,16,46,3,94,78087,0,0,0,38
17,2,616,2,24,46,1,1614,78087,0,0,1,38
17,2,617,2,24,46,1,1614,78087,0,0,1,38
17,2,618,2,24,46,1,1614,78087,0,0,1,38
17,2,619,2,24,46,1,1614,78087,0,0,1,38
17,0,624,2,32,59,3,2166,78087,0,0,0,39
17,0,625,2,32,59,3,2166,78087,0,0,0,39
17,0,626,2,32,59,3,2166,78087,0,0,0,39
17,0,627,2,32,59,3,2166,78087,0,0,0,39
17,1,628,2,15,59,3,0,78087,1,0,0,39
17,1,629,2,16,59,3,118,78087,0,0,0,39
17,1,630,2,15,59,3,0,78087,1,0,0,39
17,1,631,2,16,59,3,118,78087,0,0,0,39
17,2,632,2,24,59,1,1627,78087,0,0,1,39
17,2,633,2,24,59,1,1627,78087,0,0,1,39
17,2,634,2,24,59,1,1627,78087,0,0,1,39
17,2,635,2,24,59,1,1627,78087,0,0,1,39
17,0,640,2,32,8,3,2065,0,0,0,0,40
17,0,641,2,32,8,3,2065,2001,0,0,0,40
17,0,642,2,32,8,3,2065,4002,0,0,0,40
17,0,643,2,32,8,3,2065,6003,0,0,0,40
17,1,644,2,15,8,3,0,8004,1,0,0,40
17,1,645,2,16,8,3,17,8004,0,0,0,40
17,1,646,2,15,8,3,0,8021,1,0,0,40
17,1,647,2,16,8,3,17,8021,0,0,0,40
17,2,648,2,24,8,1,1552,8038,0,0,0,40
17,2,649,2,24,8,1,1552,9526,0,0,0,40
17,2,650,2,24,8,1,1552,11014,0,0,0,40
17,2,651,2,24,8,1,1552,12502,0,0,0,40
17,0,656,2,32,21,3,2096,13990,0,0,0,41
17,0,657,2,32,21,3,2096,16022,0,0,0,41
17,0,658,2,32,21,3,2096,18054,0,0,0,41
17,0,659,2,32,21,3,2096,20086,0,0,0,41
17,1,660,2,15,21,3,0,22118,1,0,0,41
17,1,661,2,16,21,3,48,22118,0,0,0,41
17,1,662,2,15,21,3,0,22166,1,0,0,41
17,1,663,2,16,21,3,48,22166,0,0,0,41
17,2,664,2,24,21,1,1578,22214,0,0,0,41
17,2,665,2,24,21,1,1578,23728,0,0,0,41
17,2,666,2,24,21,1,1578,25242,0,0,0,41
17,2,667,2,24,21,1,1578,26756,0,0,0,41
17,0,672,2,32,34,3,2123,28270,0,0,0,42
17,0,673,2,32,34,3,2123,30329,0,0,0,42
17,0,674,2,32,34,3,2123,32388,0,0,0,42
17,0,675,2,32,34,3,2123,34447,0,0,0,42
17,1,676,2,15,34,3,0,36506,1,0,0,42
17,1,677,2,16,34,3,75,36506,0,0,0,42
17,1,678,2,15,34,3,0,36517,1,0,0,42
17,1,679,2,16,34,3,75,36517,0,0,0,42
17,2,680,2,24,34,1,1602,36528,0,0,1,42
17,2,681,2,24,34,1,1602,38066,0,0,1,42
17,2,682,2,24,34,1,1602,39604,0,0,1,42
17,2,683,2,24,34,1,1602,41142,0,0,1,42
17,0,688,2,32,47,3,2144,42680,0,0,0,43
17,0,689,2,32,47,3,2144,44760,0,0,0,43
17,0,690,2,32,47,3,2144,46840,0,0,0,43
17,0,691,2,32,47,3,2144,48920,0,0,0,43
17,1,692,2,15,47,3,0,51000,1,0,0,43
17,1,693,2,16,47,3,96,51000,0,0,0,43
17,1,694,2,15,47,3,0,51032,1,0,0,43
17,1,695,2,16,47,3,96,51032,0,0,0,43
17,2,696,2,24,47,1,1615,51064,0,0,1,43
17,2,697,2,24,47,1,1615,52615,0,0,1,43
17,2,698,2,24,47,1,1615,54166,0,0,1,43
17,2,699,2,24,47,1,1615,55717,0,0,1,43
17,0,704,2,32,60,3,2168,57268,0,0,0,44
17,0,705,2,32,60,3,2168,59372,0,0,0,44
17,0,706,2,32,60,3,2168,61476,0,0,0,44
17,0,707,2,32,60,3,2168,63580,0,0,0,44
17,1,708,2,15,60,3,0,65684,1,0,0,44
17,1,709,2,16,60,3,120,65684,0,0,0,44
17,1,710,2,15,60,3,0,65740,1,0,0,44
17,1,711,2,16,60,3,120,65740,0,0,0,44
17,2,712,2,24,60,1,1628,65796,0,0,1,44
17,2,713,2,24,60,1,1628,67360,0,0,1,44
17,2,714,2,24,60,1,1628,68924,0,0,1,44
17,2,715,2,24,60,1,1628,70488,0,0,1,44
17,0,720,2,32,9,3,2067,72052,0,0,0,45
17,0,721,2,32,9,3,2067,74055,0,0,0,45
17,0,722,2,32,9,3,2067,76058,0,0,0,45
17,0,723,2,32,9,3,2067,78061,0,0,0,45
17,1,724,2,15,9,3,0,78061,1,0,0,45
17,1,725,2,16,9,3,19,78061,0,0,0,45
17,1,726,2,15,9,3,0,78061,1,0,0,45
17,1,727,2,16,9,3,19,78061,0,0,0,45
17,2,728,2,24,9,1,1554,78061,0,0,0,45
17,2,729,2,24,9,1,1554,78061,0,0,0,45
17,2,730,2,24,9,1,1554,78061,0,0,0,45
17,2,731,2,24,9,1,1554,78061,0,0,0,45
17,0,736,2,32,22,3,2099,78061,0,0,0,46
17,0,737,2,32,22,3,2099,78061,0,0,0,46
17,0,738,2,32,22,3,2099,78061,0,0,0,46
17,0,739,2,32,22,3,2099,78061,0,0,0,46
17,1,740,2,15,22,3,0,78061,1,0,0,46
17,1,741,2,16,22,3,51,78061,0,0,0,46
17,1,742,2,15,22,3,0,78061,1,0,0,46
17,1,743,2,16,22,3,51,78061,0,0,0,46
17,2,744,2,24,22,1,1580,78061,0,0,0,46
17,2,745,2,24,22,1,1580,78061,0,0,0,46
17,2,746,2,24,22,1,1580,78061,0,0,0,46
17,2,747,2,24,22,1,1580,78061,0,0,0,46
17,0,752,2,32,35,3,2124,78061,0,0,0,47
17,0,753,2,32,35,3,2124,78061,0,0,0,47
17,0,754,2,32,35,3,2124,78061,0,0,0,47
17,0,755,2,32,35,3,2124,78061,0,0,0,47
17,1,756,2,15,35,3,0,78061,1,0,0,47
17,1,757,2,16,35,3,76,78061,0,0,0,47
17,1,758,2,15,35,3,0,78061,1,0,0,47
17,1,759,2,16,35,3,76,78061,0,0,0,47
17,2,760,2,24,35,1,1603,78061,0,0,1,47
17,2,761,2,24,35,1,1603,78061,0,0,1,47
17,2,762,2,24,35,1,1603,78061,0,0,1,47
17,2,763,2,24,35,1,1603,78061,0,0,1,47
17,0,768,2,32,48,3,2146,0,0,0,0,48
17,0,769,2,32,48,3,2146,2082,0,0,0,48
17,0,770,2,32,48,3,2146,4164,0,0,0,48
17,0,771,2,32,48,3,2146,6246,0,0,0,48
17,1,772,2,15,48,3,0,8328,1,0,0,48
17,1,773,2,16,48,3,98,8328,0,0,0,48
17,1,774,2,15,48,3,0,8362,1,0,0,48
17,1,775,2,16,48,3,98,8362,0,0,0,48
17,2,776,2,24,48,1,1616,8396,0,0,1,48
17,2,777,2,24,48,1,1616,9948,0,0,1,48
17,2,778,2,24,48,1,1616,11500,0,0,1,48
17,2,779,2,24,48,1,1616,13052,0,0,1,48
17,0,784,2,32,61,3,2170,14604,0,0,0,49
17,0,785,2,32,61,3,2170,16710,0,0,0,49
17,0,786,2,32,61,3,2170,18816,0,0,0,49
17,0,787,2,32,61,3,2170,20922,0,0,0,49
17,1,788,2,15,61,3,0,23028,1,0,0,49
17,1,789,2,16,61,3,122,23028,0,0,0,49
17,1,790,2,15,61,3,0,23086,1,0,0,49
17,1,791,2,16,61,3,122,23086,0,0,0,49
17,2,792,2,24,61,1,1629,23144,0,0,1,49
17,2,793,2,24,61,1,1629,24709,0,0,1,49
17,2,794,2,24,61,1,1629,26274,0,0,1,49
17,2,795,2,24,61,1,1629,27839,0,0,1,49
17,0,800,2,32,10,3,2069,29404,0,0,0,50
17,0,801,2,32,10,3,2069,31409,0,0,0,50
17,0,802,2,32,10,3,2069,33414,0,0,0,50
17,0,803,2,32,10,3,2069,35419,0,0,0,50
17,1,804,2,15,10,3,0,37424,1,0,0,50
17,1,805,2,16,10,3,21,37424,0,0,0,50
17,1,806,2,15,10,3,0,37445,1,0,0,50
17,1,807,2,16,10,3,21,37445,0,0,0,50
17,2,808,2,24,10,1,1556,37466,0,0,0,50
17,2,809,2,24,10,1,1556,38958,0,0,0,50
17,2,810,2,24,10,1,1556,40450,0,0,0,50
17,2,811,2,24,10,1,1556,41942,0,0,0,50
17,0,816,2,32,23,3,2102,43434,0,0,0,51
17,0,817,2,32,23,3,2102,45472,0,0,0,51
17,0,818,2,32,23,3,2102,47510,0,0,0,51
17,0,819,2,32,23,3,2102,49548,0,0,0,51
17,1,820,2,15,23,3,0,51586,1,0,0,51
17,1,821,2,16,23,3,54,51586,0,0,0,51
17,1,822,2,15,23,3,0,51640,1,0,0,51
17,1,823,2,16,23,3,54,51640,0,0,0,51
17,2,824,2,24,23,1,1582,51694,0,0,0,51
17,2,825,2,24,23,1,1582,53212,0,0,0,51
17,2,826,2,24,23,1,1582,54730,0,0,0,51
17,2,827,2,24,23,1,1582,56248,0,0,0,51
17,0,832,2,32,36,3,2126,57766,0,0,0,52
17,0,833,2,32,36,3,2126,59828,0,0,0,52
17,0,834,2,32,36,3,2126,61890,0,0,0,52
17,0,835,2,32,36,3,2126,63952,0,0,0,52
17,1,836,2,15,36,3,0,66014,1,0,0,52
17,1,837,2,16,36,3,78,66014,0,0,0,52
17,1,838,2,15,36,3,0,66028,1,0,0,52
17,1,839,2,16,36,3,78,66028,0,0,0,52
17,2,840,2,24,36,1,1604,66042,0,0,1,52
17,2,841,2,24,36,1,1604,67582,0,0,1,52
17,2,842,2,24,36,1,1604,69122,0,0,1,52
17,2,843,2,24,36,1,1604,70662,0,0,1,52
17,0,848,2,32,49,3,2147,72202,0,0,0,53
17,0,849,2,32,49,3,2147,74285,0,0,0,53
17,0,850,2,32,49,3,2147,76368,0,0,0,53
17,0,851,2,32,49,3,2147,78451,0,0,0,53
17,1,852,2,15,49,3,0,78451,1,0,0,53
17,1,853,2,16,49,3,99,78451,0,0,0,53
17,1,854,2,15,49,3,0,78451,1,0,0,53
17,1,855,2,16,49,3,99,78451,0,0,0,53
17,2,856,2,24,49,1,1617,78451,0,0,1,53
17,2,857,2,24,49,1,1617,78451,0,0,1,53
17,2,858,2,24,49,1,1617,78451,0,0,1,53
17,2,859,2,24,49,1,1617,78451,0,0,1,53
17,0,864,2,32,62,3,2172,78451,0,0,0,54
17,0,865,2,32,62,3,2172,78451,0,0,0,54
17,0,866,2,32,62,3,2172,78451,0,0,0,54
17,0,867,2,32,62,3,2172,78451,0,0,0,54
17,1,868,2,15,62,3,0,78451,1,0,0,54
17,1,869,2,16,62,3,124,78451,0,0,0,54
17,1,870,2,15,62,3,0,78451,1,0,0,54
17,1,871,2,16,62,3,124,78451,0,0,0,54
17,2,872,2,24,62,1,1630,78451,0,0,1,54
17,2,873,2,24,62,1,1630,78451,0,0,1,54
17,2,874,2,24,62,1,1630,78451,0,0,1,54
17,2,875,2,24,62,1,1630,78451,0,0,1,54
17,0,880,2,32,11,3,2071,78451,0,0,0,55
17,0,881,2,32,11,3,2071,78451,0,0,0,55
17,0,882,2,32,11,3,2071,78451,0,0,0,55
17,0,883,2,32,11,3,2071,78451,0,0,0,55
17,1,884,2,15,11,3,0,78451,1,0,0,55
17,1,885,2,16,11,3,23,78451,0,0,0,55
17,1,886,2,15,11,3,0,78451,1,0,0,55
17,1,887,2,16,11,3,23,78451,0,0,0,55
17,2,888,2,24,11,1,1558,78451,0,0,0,55
17,2,889,2,24,11,1,1558,78451,0,0,0,55
17,2,890,2,24,11,1,1558,78451,0,0,0,55
17,2,891,2,24,11,1,1558,78451,0,0,0,55
17,0,896,2,32,24,3,2105,0,0,0,0,56
17,0,897,2,32,24,3,2105,2041,0,0,0,56
17,0,898,2,32,24,3,2105,4082,0,0,0,56
17,0,899,2,32,24,3,2105,6123,0,0,0,56
17,1,900,2,15,24,3,0,8164,1,0,0,56
17,1,901,2,16,24,3,57,8164,0,0,0,56
17,1,902,2,15,24,3,0,8221,1,0,0,56
17,1,903,2,16,24,3,57,8221,0,0,0,56
17,2,904,2,24,24,1,1584,8278,0,0,0,56
17,2,905,2,24,24,1,1584,9798,0,0,0,56
17,2,906,2,24,24,1,1584,11318,0,0,0,56
17,2,907,2,24,24,1,1584,12838,0,0,0,56
17,0,912,2,32,37,3,2127,14358,0,0,0,57
17,0,913,2,32,37,3,2127,16421,0,0,0,57
17,0,914,2,32,37,3,2127,18484,0,0,0,57
17,0,915,2,32,37,3,2127,20547,0,0,0,57
17,1,916,2,15,37,3,0,22610,1,0,0,57
17,1,917,2,16,37,3,79,22610,0,0,0,57
17,1,918,2,15,37,3,0,22625,1,0,0,57
17,1,919,2,16,37,3,79,22625,0,0,0,57
17,2,920,2,24,37,1,1605,22640,0,0,1,57
17,2,921,2,24,37,1,1605,24181,0,0,1,57
17,2,922,2,24,37,1,1605,25722,0,0,1,57
17,2,923,2,24,37,1,1605,27263,0,0,1,57
17,0,928,2,32,50,3,2149,28804,0,0,0,58
17,0,929,2,32,50,3,2149,30889,0,0,0,58
17,0,930,2,32,50,3,2149,32974,0,0,0,58
17,0,931,2,32,50,3,2149,35059,0,0,0,58
17,1,932,2,15,50,3,0,37144,1,0,0,58
17,1,933,2,16,50,3,101,37144,0,0,0,58
17,1,934,2,15,50,3,0,37181,1,0,0,58
17,1,935,2,16,50,3,101,37181,0,0,0,58
17,2,936,2,24,50,1,1618,37218,0,0,1,58
17,2,937,2,24,50,1,1618,38772,0,0,1,58
17,2,938,2,24,50,1,1618,40326,0,0,1,58
17,2,939,2,24,50,1,1618,41880,0,0,1,58
17,0,944,2,32,63,3,2174,43434,0,0,0,59
17,0,945,2,32,63,3,2174,45544,0,0,0,59
17,0,946,2,32,63,3,2174,47654,0,0,0,59
17,0,947,2,32,63,3,2174,49764,0,0,0,59
17,1,948,2,15,63,3,0,51874,1,0,0,59
17,1,949,2,16,63,3,126,51874,0,0,0,59
17,1,950,2,15,63,3,0,51936,1,0,0,59
17,1,951,2,16,63,3,126,51936,0,0,0,59
17,2,952,2,24,63,1,1631,51998,0,0,1,59
17,2,953,2,24,63,1,1631,53565,0,0,1,59
17,2,954,2,24,63,1,1631,55132,0,0,1,59
17,2,955,2,24,63,1,1631,56699,0,0,1,59
17,0,960,2,32,12,3,2074,58266,0,0,0,60
17,0,961,2,32,12,3,2074,60276,0,0,0,60
17,0,962,2,32,12,3,2074,62286,0,0,0,60
17,0,963,2,32,12,3,2074,64296,0,0,0,60
17,1,964,2,15,12,3,0,66306,1,0,0,60
17,1,965,2,16,12,3,26,66306,0,0,0,60
17,1,966,2,15,12,3,0,66332,1,0,0,60
17,1,967,2,16,12,3,26,66332,0,0,0,60
17,2,968,2,24,12,1,1560,66358,0,0,0,60
17,2,969,2,24,12,1,1560,67854,0,0,0,60
17,2,970,2,24,12,1,1560,69350,0,0,0,60
17,2,971,2,24,12,1,1560,70846,0,0,0,60
17,0,976,2,32,25,3,2107,72342,0,0,0,61
17,0,977,2,32,25,3,2107,74385,0,0,0,61
17,0,978,2,32,25,3,2107,76428,0,0,0,61
17,0,979,2,32,25,3,2107,78471,0,0,0,61
17,1,980,2,15,25,3,0,78471,1,0,0,61
17,1,981,2,16,25,3,59,78471,0,0,0,61
17,1,982,2,15,25,3,0,78471,1,0,0,61
17,1,983,2,16,25,3,59,78471,0,0,0,61
17,2,984,2,24,25,1,1586,78471,0,0,0,61
17,2,985,2,24,25,1,1586,78471,0,0,0,61
17,2,986,2,24,25,1,1586,78471,0,0,0,61
17,2,987,2,24,25,1,1586,78471,0,0,0,61
17,0,992,2,32,38,3,2129,78471,0,0,0,62
17,0,993,2,32,38,3,2129,78471,0,0,0,62
17,0,994,2,32,38,3,2129,78471,0,0,0,62
17,0,995,2,32,38,3,2129,78471,0,0,0,62
17,1,996,2,15,38,3,0,78471,1,0,0,62
17,1,997,2,16,38,3,81,78471,0,0,0,62
17,1,998,2,15,38,3,0,78471,1,0,0,62
17,1,999,2,16,38,3,81,78471,0,0,0,62
17,2,1000,2,24,38,1,1606,78471,0,0,1,62
17,2,1001,2,24,38,1,1606,78471,0,0,1,62
17,2,1002,2,24,38,1,1606,78471,0,0,1,62
17,2,1003,2,24,38,1,1606,78471,0,0,1,62
17,0,1008,3,32,51,3,2151,78471,0,0,0,63
17,0,1009,3,32,51,3,2151,78471,0,0,0,63
17,0,1010,3,32,51,3,2151,78471,0,0,0,63
17,0,1011,3,32,51,3,2151,78471,0,0,0,63
17,1,1012,3,15,51,3,0,78471,1,0,0,63
17,1,1013,3,16,51,3,103,78471,0,0,0,63
17,1,1014,3,15,51,3,0,78471,1,0,0,63
17,1,1015,3,16,51,3,103,78471,0,0,0,63
17,2,1016,3,24,51,1,1619,78471,0,0,1,63
17,2,1017,3,24,51,1,1619,78471,0,0,1,63
17,2,1018,3,24,51,1,1619,78471,0,0,1,63
17,2,1019,3,24,51,1,1619,78471,0,0,1,63
17,0,1024,3,32,0,3,2048,0,0,0,0,64
17,0,1025,3,32,0,3,2048,2048,0,0,0,64
17,0,1026,3,32,0,3,2048,4096,0,0,0,64
17,0,1027,3,32,0,3,2048,6144,0,0,0,64
17,1,1028,3,15,0,3,0,8192,1,0,0,64
17,1,1029,3,16,0,3,0,8192,0,0,0,64
17,1,1030,3,15,0,3,0,8192,1,0,0,64
17,1,1031,3,16,0,3,0,8192,0,0,0,64
17,2,1032,3,24,0,1,1536,8192,0,0,0,64
17,2,1033,3,24,0,1,1536,9728,0,0,0,64
17,2,1034,3,24,0,1,1536,11264,0,0,0,64
17,2,1035,3,24,0,1,1536,12800,0,0,0,64
17,0,1040,3,32,13,3,2076,14336,0,0,0,65
17,0,1041,3,32,13,3,2076,16412,0,0,0,65
17,0,1042,3,32,13,3,2076,18488,0,0,0,65
17,0,1043,3,32,13,3,2076,20564,0,0,0,65
17,1,1044,3,15,13,3,0,22640,1,0,0,65
17,1,1045,3,16,13,3,28,22640,0,0,0,65
17,1,1046,3,15,13,3,0,22668,1,0,0,65
17,1,1047,3,16,13,3,28,22668,0,0,0,65
17,2,1048,3,24,13,1,1562,22696,0,0,0,65
17,2,1049,3,24,13,1,1562,24258,0,0,0,65
17,2,1050,3,24,13,1,1562,25820,0,0,0,65
17,2,1051,3,24,13,1,1562,27382,0,0,0,65
17,0,1056,3,32,26,3,2110,28944,0,0,0,66
17,0,1057,3,32,26,3,2110,31054,0,0,0,66
17,0,1058,3,32,26,3,2110,33164,0,0,0,66
17,0,1059,3,32,26,3,2110,35274,0,0,0,66
17,1,1060,3,15,26,3,0,37384,1,0,0,66
17,1,1061,3,16,26,3,62,37384,0,0,0,66
17,1,1062,3,15,26,3,0,37446,1,0,0,66
17,1,1063,3,16,26,3,62,37446,0,0,0,66
17,2,1064,3,24,26,1,1588,37508,0,0,0,66
17,2,1065,3,24,26,1,1588,39096,0,0,0,66
17,2,1066,3,24,26,1,1588,40684,0,0,0,66
17,2,1067,3,24,26,1,1588,42272,0,0,0,66
17,0,1072,3,32,39,3,2130,43860,0,0,0,67
17,0,1073,3,32,39,3,2130,45990,0,0,0,67
17,0,1074,3,32,39,3,2130,48120,0,0,0,67
17,0,1075,3,32,39,3,2130,50250,0,0,0,67
17,1,1076,3,15,39,3,0,52380,1,0,0,67
17,1,1077,3,16,39,3,82,52380,0,0,0,67
17,1,1078,3,15,39,3,0,52462,1,0,0,67
17,1,1079,3,16,39,3,82,52462,0,0,0,67
17,2,1080,3,24,39,1,1607,52544,0,0,1,67
17,2,1081,3,24,39,1,1607,54151,0,0,1,67
17,2,1082,3,24,39,1,1607,55758,0,0,1,67
17,2,1083,3,24,39,1,1607,57365,0,0,1,67
17,0,1088,3,32,52,3,2153,58972,0,0,0,68
17,0,1089,3,32,52,3,2153,61125,0,0,0,68
17,0,1090,3,32,52,3,2153,63278,0,0,0,68
17,0,1091,3,32,52,3,2153,65431,0,0,0,68
17,1,1092,3,15,52,3,0,67584,1,0,0,68
17,1,1093,3,16,52,3,105,67584,0,0,0,68
17,1,1094,3,15,52,3,0,67689,1,0,0,68
17,1,1095,3,16,52,3,105,67689,0,0,0,68
17,2,1096,3,24,52,1,1620,67794,0,0,1,68
17,2,1097,3,24,52,1,1620,69414,0,0,1,68
17,2,1098,3,24,52,1,1620,71034,0,0,1,68
17,2,1099,3,24,52,1,1620,72654,0,0,1,68
17,0,1104,3,32,1,3,2050,74274,0,0,0,69
17,0,1105,3,32,1,3,2050,76324,0,0,0,69
17,0,1106,3,32,1,3,2050,78374,0,0,0,69
17,0,1107,3,32,1,3,2050,80424,0,0,0,69
17,1,1108,3,15,1,3,0,80424,1,0,0,69
17,1,1109,3,16,1,3,2,80424,0,0,0,69
17,1,1110,3,15,1,3,0,80424,1,0,0,69
17,1,1111,3,16,1,3,2,80424,0,0,0,69
17,2,1112,3,24,1,1,1538,80424,0,0,0,69
17,2,1113,3,24,1,1,1538,80424,0,0,0,69
17,2,1114,3,24,1,1,1538,80424,0,0,0,69
17,2,1115,3,24,1,1,1538,80424,0,0,0,69
17,0,1120,3,32,14,3,2079,80424,0,0,0,70
17,0,1121,3,32,14,3,2079,80424,0,0,0,70
17,0,1122,3,32,14,3,2079,80424,0,0,0,70
17,0,1123,3,32,14,3,2079,80424,0,0,0,70
17,1,1124,3,15,14,3,0,80424,1,0,0,70
17,1,1125,3,16,14,3,31,80424,0,0,0,70
17,1,1126,3,15,14,3,0,80424,1,0,0,70
17,1,1127,3,16,14,3,31,80424,0,0,0,70
17,2,1128,3,24,14,1,1564,80424,0,0,0,70
17,2,1129,3,24,14,1,1564,80424,0,0,0,70
17,2,1130,3,24,14,1,1564,80424,0,0,0,70
17,2,1131,3,24,14,1,1564,80424,0,0,0,70
17,0,1136,3,32,27,3,2112,80424,0,0,0,71
17,0,1137,3,32,27,3,2112,80424,0,0,0,71
17,0,1138,3,32,27,3,2112,80424,0,0,0,71
17,0,1139,3,32,27,3,2112,80424,0,0,0,71
17,1,1140,3,15,27,3,0,80424,1,0,0,71
17,1,1141,3,16,27,3,64,80424,0,0,0,71
17,1,1142,3,15,27,3,0,80424,1,0,0,71
17,1,1143,3,16,27,3,64,80424,0,0,0,71
17,2,1144,3,24,27,1,1590,80424,0,0,0,71
17,2,1145,3,24,27,1,1590,80424,0,0,0,71
17,2,1146,3,24,27,1,1590,80424,0,0,0,71
17,2,1147,3,24,27,1,1590,80424,0,0,0,71
17,0,1152,3,32,40,3,2132,0,0,0,0,72
17,0,1153,3,32,40,3,2132,2132,0,0,0,72
17,0,1154,3,32,40,3,2132,4264,0,0,0,72
17,0,1155,3,32,40,3,2132,6396,0,0,0,72
17,1,1156,3,15,40,3,0,8528,1,0,0,72
17,1,1157,3,16,40,3,84,8528,0,0,0,72
17,1,1158,3,15,40,3,0,8612,1,0,0,72
17,1,1159,3,16,40,3,84,8612,0,0,0,72
17,2,1160,3,24,40,1,1608,8696,0,0,1,72
17,2,1161,3,24,40,1,1608,10304,0,0,1,72
17,2,1162,3,24,40,1,1608,11912,0,0,1,72
17,2,1163,3,24,40,1,1608,13520,0,0,1,72
17,0,1168,3,32,53,3,2154,15128,0,0,0,73
17,0,1169,3,32,53,3,2154,17282,0,0,0,73
17,0,1170,3,32,53,3,2154,19436,0,0,0,73
17,0,1171,3,32,53,3,2154,21590,0,0,0,73
17,1,1172,3,15,53,3,0,23744,1,0,0,73
17,1,1173,3,16,53,3,106,23744,0,0,0,73
17,1,1174,3,15,53,3,0,23850,1,0,0,73
17,1,1175,3,16,53,3,106,23850,0,0,0,73
17,2,1176,3,24,53,1,1621,23956,0,0,1,73
17,2,1177,3,24,53,1,1621,25577,0,0,1,73
17,2,1178,3,24,53,1,1621,27198,0,0,1,73
17,2,1179,3,24,53,1,1621,28819,0,0,1,73
17,0,1184,3,32,2,3,2052,30440,0,0,0,74
17,0,1185,3,32,2,3,2052,32492,0,0,0,74
17,0,1186,3,32,2,3,2052,34544,0,0,0,74
17,0,1187,3,32,2,3,2052,36596,0,0,0,74
17,1,1188,3,15,2,3,0,38648,1,0,0,74
17,1,1189,3,16,2,3,4,38648,0,0,0,74
17,1,1190,3,15,2,3,0,38652,1,0,0,74
17,1,1191,3,16,2,3,4,38652,0,0,0,74
17,2,1192,3,24,2,1,1540,38656,0,0,0,74
17,2,1193,3,24,2,1,1540,40196,0,0,0,74
17,2,1194,3,24,2,1,1540,41736,0,0,0,74
17,2,1195,3,24,2,1,1540,43276,0,0,0,74
17,0,1200,3,32,15,3,2081,44816,0,0,0,75
17,0,1201,3,32,15,3,2081,46897,0,0,0,75
17,0,1202,3,32,15,3,2081,48978,0,0,0,75
17,0,1203,3,32,15,3,2081,51059,0,0,0,75
17,1,1204,3,15,15,3,0,53140,1,0,0,75
17,1,1205,3,16,15,3,33,53140,0,0,0,75
17,1,1206,3,15,15,3,0,53173,1,0,0,75
17,1,1207,3,16,15,3,33,53173,0,0,0,75
17,2,1208,3,24,15,1,1566,53206,0,0,0,75
17,2,1209,3,24,15,1,1566,54772,0,0,0,75
17,2,1210,3,24,15,1,1566,56338,0,0,0,75
17,2,1211,3,24,15,1,1566,57904,0,0,0,75
17,0,1216,3,32,28,3,2114,59470,0,0,0,76
17,0,1217,3,32,28,3,2114,61584,0,0,0,76
17,0,1218,3,32,28,3,2114,63698,0,0,0,76
17,0,1219,3,32,28,3,2114,65812,0,0,0,76
17,1,1220,3,15,28,3,0,67926,1,0,0,76
17,1,1221,3,16,28,3,66,67926,0,0,0,76
17,1,1222,3,15,28,3,0,67992,1,0,0,76
17,1,1223,3,16,28,3,66,67992,0,0,0,76
17,2,1224,3,24,28,1,1592,68058,0,0,0,76
17,2,1225,3,24,28,1,1592,69650,0,0,0,76
17,2,1226,3,24,28,1,1592,71242,0,0,0,76
17,2,1227,3,24,28,1,1592,72834,0,0,0,76
17,0,1232,3,32,41,3,2134,74426,0,0,0,77
17,0,1233,3,32,41,3,2134,76560,0,0,0,77
17,0,1234,3,32,41,3,2134,78694,0,0,0,77
17,0,1235,3,32,41,3,2134,80828,0,0,0,77
17,1,1236,3,15,41,3,0,80828,1,0,0,77
17,1,1237,3,16,41,3,86,80828,0,0,0,77
17,1,1238,3,15,41,3,0,80828,1,0,0,77
17,1,1239,3,16,41,3,86,80828,0,0,0,77
17,2,1240,3,24,41,1,1609,80828,0,0,1,77
17,2,1241,3,24,41,1,1609,80828,0,0,1,77
17,2,1242,3,24,41,1,1609,80828,0,0,1,77
17,2,1243,3,24,41,1,1609,80828,0,0,1,77
17,0,1248,3,32,54,3,2156,80828,0,0,0,78
17,0,1249,3,32,54,3,2156,80828,0,0,0,78
17,0,1250,3,32,54,3,2156,80828,0,0,0,78
17,0,1251,3,32,54,3,2156,80828,0,0,0,78
17,1,1252,3,15,54,3,0,80828,1,0,0,78
17,1,1253,3,16,54,3,108,80828,0,0,0,78
17,1,1254,3,15,54,3,0,80828,1,0,0,78
17,1,1255,3,16,54,3,108,80828,0,0,0,78
17,2,1256,3,24,54,1,1622,80828,0,0,1,78
17,2,1257,3,24,54,1,1622,80828,0,0,1,78
17,2,1258,3,24,54,1,1622,80828,0,0,1,78
17,2,1259,3,24,54,1,1622,80828,0,0,1,78
17,0,1264,3,32,3,3,2054,80828,0,0,0,79
17,0,1265,3,32,3,3,2054,80828,0,0,0,79
17,0,1266,3,32,3,3,2054,80828,0,0,0,79
17,0,1267,3,32,3,3,2054,80828,0,0,0,79
17,1,1268,3,15,3,3,0,80828,1,0,0,79
17,1,1269,3,16,3,3,6,80828,0,0,0,79
17,1,1270,3,15,3,3,0,80828,1,0,0,79
17,1,1271,3,16,3,3,6,80828,0,0,0,79
17,2,1272,3,24,3,1,1542,80828,0,0,0,79
17,2,1273,3,24,3,1,1542,80828,0,0,0,79
17,2,1274,3,24,3,1,1542,80828,0,0,0,79
17,2,1275,3,24,3,1,1542,80828,0,0,0,79
17,0,1280,3,32,16,3,2084,0,0,0,0,80
17,0,1281,3,32,16,3,2084,2084,0,0,0,80
17,0,1282,3,32,16,3,2084,4168,0,0,0,80
17,0,1283,3,32,16,3,2084,6252,0,0,0,80
17,1,1284,3,15,16,3,0,8336,1,0,0,80
17,1,1285,3,16,16,3,36,8336,0,0,0,80
17,1,1286,3,15,16,3,0,8372,1,0,0,80
17,1,1287,3,16,16,3,36,8372,0,0,0,80
17,2,1288,3,24,16,1,1568,8408,0,0,0,80
17,2,1289,3,24,16,1,1568,9976,0,0,0,80
17,2,1290,3,24,16,1,1568,11544,0,0,0,80
17,2,1291,3,24,16,1,1568,13112,0,0,0,80
17,0,1296,3,32,29,3,2115,14680,0,0,0,81
17,0,1297,3,32,29,3,2115,16795,0,0,0,81
17,0,1298,3,32,29,3,2115,18910,0,0,0,81
17,0,1299,3,32,29,3,2115,21025,0,0,0,81
17,1,1300,3,15,29,3,0,23140,1,0,0,81
17,1,1301,3,16,29,3,67,23140,0,0,0,81
17,1,1302,3,15,29,3,0,23207,1,0,0,81
17,1,1303,3,16,29,3,67,23207,0,0,0,81
17,2,1304,3,24,29,1,1594,23274,0,0,0,81
17,2,1305,3,24,29,1,1594,24868,0,0,0,81
17,2,1306,3,24,29,1,1594,26462,0,0,0,81
17,2,1307,3,24,29,1,1594,28056,0,0,0,81
17,0,1312,3,32,42,3,2135,29650,0,0,0,82
17,0,1313,3,32,42,3,2135,31785,0,0,0,82
17,0,1314,3,32,42,3,2135,33920,0,0,0,82
17,0,1315,3,32,42,3,2135,36055,0,0,0,82
17,1,1316,3,15,42,3,0,38190,1,0,0,82
17,1,1317,3,16,42,3,87,38190,0,0,0,82
17,1,1318,3,15,42,3,0,38277,1,0,0,82
17,1,1319,3,16,42,3,87,38277,0,0,0,82
17,2,1320,3,24,42,1,1610,38364,0,0,1,82
17,2,1321,3,24,42,1,1610,39974,0,0,1,82
17,2,1322,3,24,42,1,1610,41584,0,0,1,82
17,2,1323,3,24,42,1,1610,43194,0,0,1,82
17,0,1328,3,32,55,3,2158,44804,0,0,0,83
17,0,1329,3,32,55,3,2158,46962,0,0,0,83
17,0,1330,3,32,55,3,2158,49120,0,0,0,83
17,0,1331,3,32,55,3,2158,51278,0,0,0,83
17,1,1332,3,15,55,3,0,53436,1,0,0,83
17,1,1333,3,16,55,3,110,53436,0,0,0,83
17,1,1334,3,15,55,3,0,53546,1,0,0,83
17,1,1335,3,16,55,3,110,53546,0,0,0,83
17,2,1336,3,24,55,1,1623,53656,0,0,1,83
17,2,1337,3,24,55,1,1623,55279,0,0,1,83
17,2,1338,3,24,55,1,1623,56902,0,0,1,83
17,2,1339,3,24,55,1,1623,58525,0,0,1,83
17,0,1344,3,32,4,3,2056,60148,0,0,0,84
17,0,1345,3,32,4,3,2056,62204,0,0,0,84
17,0,1346,3,32,4,3,2056,64260,0,0,0,84
17,0,1347,3,32,4,3,2056,66316,0,0,0,84
17,1,1348,3,15,4,3,0,68372,1,0,0,84
17,1,1349,3,16,4,3,8,68372,0,0,0,84
17,1,1350,3,15,4,3,0,68380,1,0,0,84
17,1,1351,3,16,4,3,8,68380,0,0,0,84
17,2,1352,3,24,4,1,1544,68388,0,0,0,84
17,2,1353,3,24,4,1,1544,69932,0,0,0,84
17,2,1354,3,24,4,1,1544,71476,0,0,0,84
17,2,1355,3,24,4,1,1544,73020,0,0,0,84
17,0,1360,3,32,17,3,2086,74564,0,0,0,85
17,0,1361,3,32,17,3,2086,76650,0,0,0,85
17,0,1362,3,32,17,3,2086,78736,0,0,0,85
17,0,1363,3,32,17,3,2086,80822,0,0,0,85
17,1,1364,3,15,17,3,0,80822,1,0,0,85
17,1,1365,3,16,17,3,38,80822,0,0,0,85
17,1,1366,3,15,17,3,0,80822,1,0,0,85
17,1,1367,3,16,17,3,38,80822,0,0,0,85
17,2,1368,3,24,17,1,1570,80822,0,0,0,85
17,2,1369,3,24,17,1,1570,80822,0,0,0,85
17,2,1370,3,24,17,1,1570,80822,0,0,0,85
17,2,1371,3,24,17,1,1570,80822,0,0,0,85
17,0,1376,3,32,30,3,2117,80822,0,0,0,86
17,0,1377,3,32,30,3,2117,80822,0,0,0,86
17,0,1378,3,32,30,3,2117,80822,0,0,0,86
17,0,1379,3,32,30,3,2117,80822,0,0,0,86
17,1,1380,3,15,30,3,0,80822,1,0,0,86
17,1,1381,3,16,30,3,69,80822,0,0,0,86
17,1,1382,3,15,30,3,0,80822,1,0,0,86
17,1,1383,3,16,30,3,69,80822,0,0,0,86
17,2,1384,3,24,30,1,1596,80822,0,0,0,86
17,2,1385,3,24,30,1,1596,80822,0,0,0,86
17,2,1386,3,24,30,1,1596,80822,0,0,0,86
17,2,1387,3,24,30,1,1596,80822,0,0,0,86
17,0,1392,3,32,43,3,2137,80822,0,0,0,87
17,0,1393,3,32,43,3,2137,80822,0,0,0,87
17,0,1394,3,32,43,3,2137,80822,0,0,0,87
17,0,1395,3,32,43,3,2137,80822,0,0,0,87
17,1,1396,3,15,43,3,0,80822,1,0,0,87
17,1,1397,3,16,43,3,89,80822,0,0,0,87
17,1,1398,3,15,43,3,0,80822,1,0,0,87
17,1,1399,3,16,43,3,89,80822,0,0,0,87
17,2,1400,3,24,43,1,1611,80822,0,0,1,87
17,2,1401,3,24,43,1,1611,80822,0,0,1,87
17,2,1402,3,24,43,1,1611,80822,0,0,1,87
17,2,1403,3,24,43,1,1611,80822,0,0,1,87
17,0,1408,3,32,56,3,2160,0,0,0,0,88
17,0,1409,3,32,56,3,2160,2160,0,0,0,88
17,0,1410,3,32,56,3,2160,4320,0,0,0,88
17,0,1411,3,32,56,3,2160,6480,0,0,0,88
17,1,1412,3,15,56,3,0,8640,1,0,0,88
17,1,1413,3,16,56,3,112,8640,0,0,0,88
17,1,1414,3,15,56,3,0,8752,1,0,0,88
17,1,1415,3,16,56,3,112,8752,0,0,0,88
17,2,1416,3,24,56,1,1624,8864,0,0,1,88
17,2,1417,3,24,56,1,1624,10488,0,0,1,88
17,2,1418,3,24,56,1,1624,12112,0,0,1,88
17,2,1419,3,24,56,1,1624,13736,0,0,1,88
17,0,1424,3,32,5,3,2058,15360,0,0,0,89
17,0,1425,3,32,5,3,2058,17418,0,0,0,89
17,0,1426,3,32,5,3,2058,19476,0,0,0,89
17,0,1427,3,32,5,3,2058,21534,0,0,0,89
17,1,1428,3,15,5,3,0,23592,1,0,0,89
17,1,1429,3,16,5,3,10,23592,0,0,0,89
17,1,1430,3,15,5,3,0,23602,1,0,0,89
17,1,1431,3,16,5,3,10,23602,0,0,0,89
17,2,1432,3,24,5,1,1546,23612,0,0,0,89
17,2,1433,3,24,5,1,1546,25158,0,0,0,89
17,2,1434,3,24,5,1,1546,26704,0,0,0,89
17,2,1435,3,24,5,1,1546,28250,0,0,0,89
17,0,1440,3,32,18,3,2089,29796,0,0,0,90
17,0,1441,3,32,18,3,2089,31885,0,0,0,90
17,0,1442,3,32,18,3,2089,33974,0,0,0,90
17,0,1443,3,32,18,3,2089,36063,0,0,0,90
17,1,1444,3,15,18,3,0,38152,1,0,0,90
17,1,1445,3,16,18,3,41,38152,0,0,0,90
17,1,1446,3,15,18,3,0,38193,1,0,0,90
17,1,1447,3,16,18,3,41,38193,0,0,0,90
17,2,1448,3,24,18,1,1572,38234,0,0,0,90
17,2,1449,3,24,18,1,1572,39806,0,0,0,90
17,2,1450,3,24,18,1,1572,41378,0,0,0,90
17,2,1451,3,24,18,1,1572,42950,0,0,0,90
17,0,1456,3,32,31,3,2118,44522,0,0,0,91
17,0,1457,3,32,31,3,2118,46640,0,0,0,91
17,0,1458,3,32,31,3,2118,48758,0,0,0,91
17,0,1459,3,32,31,3,2118,50876,0,0,0,91
17,1,1460,3,15,31,3,0,52994,1,0,0,91
17,1,1461,3,16,31,3,70,52994,0,0,0,91
17,1,1462,3,15,31,3,0,53064,1,0,0,91
17,1,1463,3,16,31,3,70,53064,0,0,0,91
17,2,1464,3,24,31,1,1598,53134,0,0,0,91
17,2,1465,3,24,31,1,1598,54732,0,0,0,91
17,2,1466,3,24,31,1,1598,56330,0,0,0,91
17,2,1467,3,24,31,1,1598,57928,0,0,0,91
17,0,1472,3,32,44,3,2139,59526,0,0,0,92
17,0,1473,3,32,44,3,2139,61665,0,0,0,92
17,0,1474,3,32,44,3,2139,63804,0,0,0,92
17,0,1475,3,32,44,3,2139,65943,0,0,0,92
17,1,1476,3,15,44,3,0,68082,1,0,0,92
17,1,1477,3,16,44,3,91,68082,0,0,0,92
17,1,1478,3,15,44,3,0,68173,1,0,0,92
17,1,1479,3,16,44,3,91,68173,0,0,0,92
17,2,1480,3,24,44,1,1612,68264,0,0,1,92
17,2,1481,3,24,44,1,1612,69876,0,0,1,92
17,2,1482,3,24,44,1,1612,71488,0,0,1,92
17,2,1483,3,24,44,1,1612,73100,0,0,1,92
17,0,1488,3,32,57,3,2162,74712,0,0,0,93
17,0,1489,3,32,57,3,2162,76874,0,0,0,93
17,0,1490,3,32,57,3,2162,79036,0,0,0,93
17,0,1491,3,32,57,3,2162,81198,0,0,0,93
17,1,1492,3,15,57,3,0,81198,1,0,0,93
17,1,1493,3,16,57,3,114,81198,0,0,0,93
17,1,1494,3,15,57,3,0,81198,1,0,0,93
17,1,1495,3,16,57,3,114,81198,0,0,0,93
17,2,1496,3,24,57,1,1625,81198,0,0,1,93
17,2,1497,3,24,57,1,1625,81198,0,0,1,93
17,2,1498,3,24,57,1,1625,81198,0,0,1,93
17,2,1499,3,24,57,1,1625,81198,0,0,1,93
17,0,1504,0,32,6,3,2060,81198,0,0,0,94
17,0,1505,0,32,6,3,2060,81198,0,0,0,94
17,0,1506,0,32,6,3,2060,81198,0,0,0,94
17,0,1507,0,32,6,3,2060,81198,0,0,0,94
17,1,1508,0,15,6,3,0,81198,1,0,0,94
17,1,1509,0,16,6,3,12,81198,0,0,0,94
17,1,1510,0,15,6,3,0,81198,1,0,0,94
17,1,1511,0,16,6,3,12,81198,0,0,0,94
17,2,1512,0,24,6,1,1548,81198,0,0,0,94
17,2,1513,0,24,6,1,1548,81198,0,0,0,94
17,2,1514,0,24,6,1,1548,81198,0,0,0,94
17,2,1515,0,24,6,1,1548,81198,0,0,0,94
17,0,1520,0,32,19,3,2091,81198,0,0,0,95
17,0,1521,0,32,19,3,2091,81198,0,0,0,95
17,0,1522,0,32,19,3,2091,81198,0,0,0,95
17,0,1523,0,32,19,3,2091,81198,0,0,0,95
17,1,1524,0,15,19,3,0,81198,1,0,0,95
17,1,1525,0,16,19,3,43,81198,0,0,0,95
17,1,1526,0,15,19,3,0,81198,1,0,0,95
17,1,1527,0,16,19,3,43,81198,0,0,0,95
17,2,1528,0,24,19,1,1574,81198,0,0,0,95
17,2,1529,0,24,19,1,1574,81198,0,0,0,95
17,2,1530,0,24,19,1,1574,81198,0,0,0,95
17,2,1531,0,24,19,1,1574,81198,0,0,0,95
17,0,1536,0,32,32,3,2120,0,0,0,0,96
17,0,1537,0,32,32,3,2120,2120,0,0,0,96
17,0,1538,0,32,32,3,2120,4240,0,0,0,96
17,0,1539,0,32,32,3,2120,6360,0,0,0,96
17,1,1540,0,15,32,3,0,8480,1,0,0,96
17,1,1541,0,16,32,3,72,8480,0,0,0,96
17,1,1542,0,15,32,3,0,8552,1,0,0,96
17,1,1543,0,16,32,3,72,8552,0,0,0,96
17,2,1544,0,24,32,1,1600,8624,0,0,1,96
17,2,1545,0,24,32,1,1600,10224,0,0,1,96
17,2,1546,0,24,32,1,1600,11824,0,0,1,96
17,2,1547,0,24,32,1,1600,13424,0,0,1,96
17,0,1552,0,32,45,3,2140,15024,0,0,0,97
17,0,1553,0,32,45,3,2140,17164,0,0,0,97
17,0,1554,0,32,45,3,2140,19304,0,0,0,97
17,0,1555,0,32,45,3,2140,21444,0,0,0,97
17,1,1556,0,15,45,3,0,23584,1,0,0,97
17,1,1557,0,16,45,3,92,23584,0,0,0,97
17,1,1558,0,15,45,3,0,23676,1,0,0,97
17,1,1559,0,16,45,3,92,23676,0,0,0,97
17,2,1560,0,24,45,1,1613,23768,0,0,1,97
17,2,1561,0,24,45,1,1613,25381,0,0,1,97
17,2,1562,0,24,45,1,1613,26994,0,0,1,97
17,2,1563,0,24,45,1,1613,28607,0,0,1,97
17,0,1568,0,32,58,3,2164,30220,0,0,0,98
17,0,1569,0,32,58,3,2164,32384,0,0,0,98
17,0,1570,0,32,58,3,2164,34548,0,0,0,98
17,0,1571,0,32,58,3,2164,36712,0,0,0,98
17,1,1572,0,15,58,3,0,38876,1,0,0,98
17,1,1573,0,16,58,3,116,38876,0,0,0,98
17,1,1574,0,15,58,3,0,38992,1,0,0,98
17,1,1575,0,16,58,3,116,38992,0,0,0,98
17,2,1576,0,24,58,1,1626,39108,0,0,1,98
17,2,1577,0,24,58,1,1626,40734,0,0,1,98
17,2,1578,0,24,58,1,1626,42360,0,0,1,98
17,2,1579,0,24,58,1,1626,43986,0,0,1,98
17,0,1584,0,32,7,3,2062,45612,0,0,0,99
17,0,1585,0,32,7,3,2062,47674,0,0,0,99
17,0,1586,0,32,7,3,2062,49736,0,0,0,99
17,0,1587,0,32,7,3,2062,51798,0,0,0,99
17,1,1588,0,15,7,3,0,53860,1,0,0,99
17,1,1589,0,16,7,3,14,53860,0,0,0,99
17,1,1590,0,15,7,3,0,53874,1,0,0,99
17,1,1591,0,16,7,3,14,53874,0,0,0,99
17,2,1592,0,24,7,1,1550,53888,0,0,0,99
17,2,1593,0,24,7,1,1550,55438,0,0,0,99
17,2,1594,0,24,7,1,1550,56988,0,0,0,99
17,2,1595,0,24,7,1,1550,58538,0,0,0,99
17,0,1600,0,32,20,3,2094,60088,0,0,0,100
17,0,1601,0,32,20,3,2094,62182,0,0,0,100
17,0,1602,0,32,20,3,2094,64276,0,0,0,100
17,0,1603,0,32,20,3,2094,66370,0,0,0,100
17,1,1604,0,15,20,3,0,68464,1,0,0,100
17,1,1605,0,16,20,3,46,68464,0,0,0,100
17,1,1606,0,15,20,3,0,68510,1,0,0,100
17,1,1607,0,16,20,3,46,68510,0,0,0,100
17,2,1608,0,24,20,1,1576,68556,0,0,0,100
17,2,1609,0,24,20,1,1576,70132,0,0,0,100
17,2,1610,0,24,20,1,1576,71708,0,0,0,100
17,2,1611,0,24,20,1,1576,73284,0,0,0,100
17,0,1616,0,32,33,3,2121,74860,0,0,0,101
17,0,1617,0,32,33,3,2121,76981,0,0,0,101
17,0,1618,0,32,33,3,2121,79102,0,0,0,101
17,0,1619,0,32,33,3,2121,81223,0,0,0,101
17,1,1620,0,15,33,3,0,81223,1,0,0,101
17,1,1621,0,16,33,3,73,81223,0,0,0,101
17,1,1622,0,15,33,3,0,81223,1,0,0,101
17,1,1623,0,16,33,3,73,81223,0,0,0,101
17,2,1624,0,24,33,1,1601,81223,0,0,1,101
17,2,1625,0,24,33,1,1601,81223,0,0,1,101
17,2,1626,0,24,33,1,1601,81223,0,0,1,101
17,2,1627,0,24,33,1,1601,81223,0,0,1,101
17,0,1632,0,32,46,3,2142,81223,0,0,0,102
17,0,1633,0,32,46,3,2142,81223,0,0,0,102
17,0,1634,0,32,46,3,2142,81223,0,0,0,102
17,0,1635,0,32,46,3,2142,81223,0,0,0,102
17,1,1636,0,15,46,3,0,81223,1,0,0,102
17,1,1637,0,16,46,3,94,81223,0,0,0,102
17,1,1638,0,15,46,3,0,81223,1,0,0,102
17,1,1639,0,16,46,3,94,81223,0,0,0,102
17,2,1640,0,24,46,1,1614,81223,0,0,1,102
17,2,1641,0,24,46,1,1614,81223,0,0,1,102
17,2,1642,0,24,46,1,1614,81223,0,0,1,102
17,2,1643,0,24,46,1,1614,81223,0,0,1,102
17,0,1648,0,32,59,3,2166,81223,0,0,0,103
17,0,1649,0,32,59,3,2166,81223,0,0,0,103
17,0,1650,0,32,59,3,2166,81223,0,0,0,103
17,0,1651,0,32,59,3,2166,81223,0,0,0,103
17,1,1652,0,15,59,3,0,81223,1,0,0,103
17,1,1653,0,16,59,3,118,81223,0,0,0,103
17,1,1654,0,15,59,3,0,81223,1,0,0,103
17,1,1655,0,16,59,3,118,81223,0,0,0,103
17,2,1656,0,24,59,1,1627,81223,0,0,1,103
17,2,1657,0,24,59,1,1627,81223,0,0,1,103
17,2,1658,0,24,59,1,1627,81223,0,0,1,103
17,2,1659,0,24,59,1,1627,81223,0,0,1,103
17,0,1664,0,32,8,3,2065,0,0,0,0,104
17,0,1665,0,32,8,3,2065,2065,0,0,0,104
17,0,1666,0,32,8,3,2065,4130,0,0,0,104
17,0,1667,0,32,8,3,2065,6195,0,0,0,104
17,1,1668,0,15,8,3,0,8260,1,0,0,104
17,1,1669,0,16,8,3,17,8260,0,0,0,104
17,1,1670,0,15,8,3,0,8277,1,0,0,104
17,1,1671,0,16,8,3,17,8277,0,0,0,104
17,2,1672,0,24,8,1,1552,8294,0,0,0,104
17,2,1673,0,24,8,1,1552,9846,0,0,0,104
17,2,1674,0,24,8,1,1552,11398,0,0,0,104
17,2,1675,0,24,8,1,1552,12950,0,0,0,104
17,0,1680,0,32,21,3,2096,14502,0,0,0,105
17,0,1681,0,32,21,3,2096,16598,0,0,0,105
17,0,1682,0,32,21,3,2096,18694,0,0,0,105
17,0,1683,0,32,21,3,2096,20790,0,0,0,105
17,1,1684,0,15,21,3,0,22886,1,0,0,105
17,1,1685,0,16,21,3,48,22886,0,0,0,105
17,1,1686,0,15,21,3,0,22934,1,0,0,105
17,1,1687,0,16,21,3,48,22934,0,0,0,105
17,2,1688,0,24,21,1,1578,22982,0,0,0,105
17,2,1689,0,24,21,1,1578,24560,0,0,0,105
17,2,1690,0,24,21,1,1578,26138,0,0,0,105
17,2,1691,0,24,21,1,1578,27716,0,0,0,105
17,0,1696,0,32,34,3,2123,29294,0,0,0,106
17,0,1697,0,32,34,3,2123,31417,0,0,0,106
17,0,1698,0,32,34,3,2123,33540,0,0,0,106
17,0,1699,0,32,34,3,2123,35663,0,0,0,106
17,1,1700,0,15,34,3,0,37786,1,0,0,106
17,1,1701,0,16,34,3,75,37786,0,0,0,106
17,1,1702,0,15,34,3,0,37861,1,0,0,106
17,1,1703,0,16,34,3,75,37861,0,0,0,106
17,2,1704,0,24,34,1,1602,37936,0,0,1,106
17,2,1705,0,24,34,1,1602,39538,0,0,1,106
17,2,1706,0,24,34,1,1602,41140,0,0,1,106
17,2,1707,0,24,34,1,1602,42742,0,0,1,106
17,0,1712,0,32,47,3,2144,44344,0,0,0,107
17,0,1713,0,32,47,3,2144,46488,0,0,0,107
17,0,1714,0,32,47,3,2144,48632,0,0,0,107
17,0,1715,0,32,47,3,2144,50776,0,0,0,107
17,1,1716,0,15,47,3,0,52920,1,0,0,107
17,1,1717,0,16,47,3,96,52920,0,0,0,107
17,1,1718,0,15,47,3,0,53016,1,0,0,107
17,1,1719,0,16,47,3,96,53016,0,0,0,107
17,2,1720,0,24,47,1,1615,53112,0,0,1,107
17,2,1721,0,24,47,1,1615,54727,0,0,1,107
17,2,1722,0,24,47,1,1615,56342,0,0,1,107
17,2,1723,0,24,47,1,1615,57957,0,0,1,107
17,0,1728,0,32,60,3,2168,59572,0,0,0,108
17,0,1729,0,32,60,3,2168,61740,0,0,0,108
17,0,1730,0,32,60,3,2168,63908,0,0,0,108
17,0,1731,0,32,60,3,2168,66076,0,0,0,108
17,1,1732,0,15,60,3,0,68244,1,0,0,108
17,1,1733,0,16,60,3,120,68244,0,0,0,108
17,1,1734,0,15,60,3,0,68364,1,0,0,108
17,1,1735,0,16,60,3,120,68364,0,0,0,108
17,2,1736,0,24,60,1,1628,68484,0,0,1,108
17,2,1737,0,24,60,1,1628,70112,0,0,1,108
17,2,1738,0,24,60,1,1628,71740,0,0,1,108
17,2,1739,0,24,60,1,1628,73368,0,0,1,108
17,0,1744,0,32,9,3,2067,74996,0,0,0,109
17,0,1745,0,32,9,3,2067,77063,0,0,0,109
17,0,1746,0,32,9,3,2067,79130,0,0,0,109
17,0,1747,0,32,9,3,2067,81197,0,0,0,109
17,1,1748,0,15,9,3,0,81197,1,0,0,109
17,1,1749,0,16,9,3,19,81197,0,0,0,109
17,1,1750,0,15,9,3,0,81197,1,0,0,109
17,1,1751,0,16,9,3,19,81197,0,0,0,109
17,2,1752,0,24,9,1,1554,81197,0,0,0,109
17,2,1753,0,24,9,1,1554,81197,0,0,0,109
17,2,1754,0,24,9,1,1554,81197,0,0,0,109
17,2,1755,0,24,9,1,1554,81197,0,0,0,109
17,0,1760,0,32,22,3,2099,81197,0,0,0,110
17,0,1761,0,32,22,3,2099,81197,0,0,0,110
17,0,1762,0,32,22,3,2099,81197,0,0,0,110
17,0,1763,0,32,22,3,2099,81197,0,0,0,110
17,1,1764,0,15,22,3,0,81197,1,0,0,110
17,1,1765,0,16,22,3,51,81197,0,0,0,110
17,1,1766,0,15,22,3,0,81197,1,0,0,110
17,1,1767,0,16,22,3,51,81197,0,0,0,110
17,2,1768,0,24,22,1,1580,81197,0,0,0,110
17,2,1769,0,24,22,1,1580,81197,0,0,0,110
17,2,1770,0,24,22,1,1580,81197,0,0,0,110
17,2,1771,0,24,22,1,1580,81197,0,0,0,110
17,0,1776,0,32,35,3,2124,81197,0,0,0,111
17,0,1777,0,32,35,3,2124,81197,0,0,0,111
17,0,1778,0,32,35,3,2124,81197,0,0,0,111
17,0,1779,0,32,35,3,2124,81197,0,0,0,111
17,1,1780,0,15,35,3,0,81197,1,0,0,111
17,1,1781,0,16,35,3,76,81197,0,0,0,111
17,1,1782,0,15,35,3,0,81197,1,0,0,111
17,1,1783,0,16,35,3,76,81197,0,0,0,111
17,2,1784,0,24,35,1,1603,81197,0,0,1,111
17,2,1785,0,24,35,1,1603,81197,0,0,1,111
17,2,1786,0,24,35,1,1603,81197,0,0,1,111
17,2,1787,0,24,35,1,1603,81197,0,0,1,111
17,0,1792,0,32,48,3,2146,0,0,0,0,112
17,0,1793,0,32,48,3,2146,2146,0,0,0,112
17,0,1794,0,32,48,3,2146,4292,0,0,0,112
17,0,1795,0,32,48,3,2146,6438,0,0,0,112
17,1,1796,0,15,48,3,0,8584,1,0,0,112
17,1,1797,0,16,48,3,98,8584,0,0,0,112
17,1,1798,0,15,48,3,0,8682,1,0,0,112
17,1,1799,0,16,48,3,98,8682,0,0,0,112
17,2,1800,0,24,48,1,1616,8780,0,0,1,112
17,2,1801,0,24,48,1,1616,10396,0,0,1,112
17,2,1802,0,24,48,1,1616,12012,0,0,1,112
17,2,1803,0,24,48,1,1616,13628,0,0,1,112
17,0,1808,0,32,61,3,2170,15244,0,0,0,113
17,0,1809,0,32,61,3,2170,17414,0,0,0,113
17,0,1810,0,32,61,3,2170,19584,0,0,0,113
17,0,1811,0,32,61,3,2170,21754,0,0,0,113
17,1,1812,0,15,61,3,0,23924,1,0,0,113
17,1,1813,0,16,61,3,122,23924,0,0,0,113
17,1,1814,0,15,61,3,0,24046,1,0,0,113
17,1,1815,0,16,61,3,122,24046,0,0,0,113
17,2,1816,0,24,61,1,1629,24168,0,0,1,113
17,2,1817,0,24,61,1,1629,25797,0,0,1,113
17,2,1818,0,24,61,1,1629,27426,0,0,1,113
17,2,1819,0,24,61,1,1629,29055,0,0,1,113
17,0,1824,0,32,10,3,2069,30684,0,0,0,114
17,0,1825,0,32,10,3,2069,32753,0,0,0,114
17,0,1826,0,32,10,3,2069,34822,0,0,0,114
17,0,1827,0,32,10,3,2069,36891,0,0,0,114
17,1,1828,0,15,10,3,0,38960,1,0,0,114
17,1,1829,0,16,10,3,21,38960,0,0,0,114
17,1,1830,0,15,10,3,0,38981,1,0,0,114
17,1,1831,0,16,10,3,21,38981,0,0,0,114
17,2,1832,0,24,10,1,1556,39002,0,0,0,114
17,2,1833,0,24,10,1,1556,40558,0,0,0,114
17,2,1834,0,24,10,1,1556,42114,0,0,0,114
17,2,1835,0,24,10,1,1556,43670,0,0,0,114
17,0,1840,0,32,23,3,2102,45226,0,0,0,115
17,0,1841,0,32,23,3,2102,47328,0,0,0,115
17,0,1842,0,32,23,3,2102,49430,0,0,0,115
17,0,1843,0,32,23,3,2102,51532,0,0,0,115
17,1,1844,0,15,23,3,0,53634,1,0,0,115
17,1,1845,0,16,23,3,54,53634,0,0,0,115
17,1,1846,0,15,23,3,0,53688,1,0,0,115
17,1,1847,0,16,23,3,54,53688,0,0,0,115
17,2,1848,0,24,23,1,1582,53742,0,0,0,115
17,2,1849,0,24,23,1,1582,55324,0,0,0,115
17,2,1850,0,24,23,1,1582,56906,0,0,0,115
17,2,1851,0,24,23,1,1582,58488,0,0,0,115
17,0,1856,0,32,36,3,2126,60070,0,0,0,116
17,0,1857,0,32,36,3,2126,62196,0,0,0,116
17,0,1858,0,32,36,3,2126,64322,0,0,0,116
17,0,1859,0,32,36,3,2126,66448,0,0,0,116
17,1,1860,0,15,36,3,0,68574,1,0,0,116
17,1,1861,0,16,36,3,78,68574,0,0,0,116
17,1,1862,0,15,36,3,0,68652,1,0,0,116
17,1,1863,0,16,36,3,78,68652,0,0,0,116
17,2,1864,0,24,36,1,1604,68730,0,0,1,116
17,2,1865,0,24,36,1,1604,70334,0,0,1,116
17,2,1866,0,24,36,1,1604,71938,0,0,1,116
17,2,1867,0,24,36,1,1604,73542,0,0,1,116
17,0,1872,0,32,49,3,2147,75146,0,0,0,117
17,0,1873,0,32,49,3,2147,77293,0,0,0,117
17,0,1874,0,32,49,3,2147,79440,0,0,0,117
17,0,1875,0,32,49,3,2147,81587,0,0,0,117
17,1,1876,0,15,49,3,0,81587,1,0,0,117
17,1,1877,0,16,49,3,99,81587,0,0,0,117
17,1,1878,0,15,49,3,0,81587,1,0,0,117
17,1,1879,0,16,49,3,99,81587,0,0,0,117
17,2,1880,0,24,49,1,1617,81587,0,0,1,117
17,2,1881,0,24,49,1,1617,81587,0,0,1,117
17,2,1882,0,24,49,1,1617,81587,0,0,1,117
17,2,1883,0,24,49,1,1617,81587,0,0,1,117
17,0,1888,0,32,62,3,2172,81587,0,0,0,118
17,0,1889,0,32,62,3,2172,81587,0,0,0,118
17,0,1890,0,32,62,3,2172,81587,0,0,0,118
17,0,1891,0,32,62,3,2172,81587,0,0,0,118
17,1,1892,0,15,62,3,0,81587,1,0,0,118
17,1,1893,0,16,62,3,124,81587,0,0,0,118
17,1,1894,0,15,62,3,0,81587,1,0,0,118
17,1,1895,0,16,62,3,124,81587,0,0,0,118
17,2,1896,0,24,62,1,1630,81587,0,0,1,118
17,2,1897,0,24,62,1,1630,81587,0,0,1,118
17,2,1898,0,24,62,1,1630,81587,0,0,1,118
17,2,1899,0,24,62,1,1630,81587,0,0,1,118
17,0,1904,0,32,11,3,2071,81587,0,0,0,119
17,0,1905,0,32,11,3,2071,81587,0,0,0,119
17,0,1906,0,32,11,3,2071,81587,0,0,0,119
17,0,1907,0,32,11,3,2071,81587,0,0,0,119
17,1,1908,0,15,11,3,0,81587,1,0,0,119
17,1,1909,0,16,11,3,23,81587,0,0,0,119
17,1,1910,0,15,11,3,0,81587,1,0,0,119
17,1,1911,0,16,11,3,23,81587,0,0,0,119
17,2,1912,0,24,11,1,1558,81587,0,0,0,119
17,2,1913,0,24,11,1,1558,81587,0,0,0,119
17,2,1914,0,24,11,1,1558,81587,0,0,0,119
17,2,1915,0,24,11,1,1558,81587,0,0,0,119
17,0,1920,0,32,24,3,2105,0,0,0,0,120
17,0,1921,0,32,24,3,2105,2105,0,0,0,120
17,0,1922,0,32,24,3,2105,4210,0,0,0,120
17,0,1923,0,32,24,3,2105,6315,0,0,0,120
17,1,1924,0,15,24,3,0,8420,1,0,0,120
17,1,1925,0,16,24,3,57,8420,0,0,0,120
17,1,1926,0,15,24,3,0,8477,1,0,0,120
17,1,1927,0,16,24,3,57,8477,0,0,0,120
17,2,1928,0,24,24,1,1584,8534,0,0,0,120
17,2,1929,0,24,24,1,1584,10118,0,0,0,120
17,2,1930,0,24,24,1,1584,11702,0,0,0,120
17,2,1931,0,24,24,1,1584,13286,0,0,0,120
17,0,1936,0,32,37,3,2127,14870,0,0,0,121
17,0,1937,0,32,37,3,2127,16997,0,0,0,121
17,0,1938,0,32,37,3,2127,19124,0,0,0,121
17,0,1939,0,32,37,3,2127,21251,0,0,0,121
17,1,1940,0,15,37,3,0,23378,1,0,0,121
17,1,1941,0,16,37,3,79,23378,0,0,0,121
17,1,1942,0,15,37,3,0,23457,1,0,0,121
17,1,1943,0,16,37,3,79,23457,0,0,0,121
17,2,1944,0,24,37,1,1605,23536,0,0,1,121
17,2,1945,0,24,37,1,1605,25141,0,0,1,121
17,2,1946,0,24,37,1,1605,26746,0,0,1,121
17,2,1947,0,24,37,1,1605,28351,0,0,1,121
17,0,1952,0,32,50,3,2149,29956,0,0,0,122
17,0,1953,0,32,50,3,2149,32105,0,0,0,122
17,0,1954,0,32,50,3,2149,34254,0,0,0,122
17,0,1955,0,32,50,3,2149,36403,0,0,0,122
17,1,1956,0,15,50,3,0,38552,1,0,0,122
17,1,1957,0,16,50,3,101,38552,0,0,0,122
17,1,1958,0,15,50,3,0,38653,1,0,0,122
17,1,1959,0,16,50,3,101,38653,0,0,0,122
17,2,1960,0,24,50,1,1618,38754,0,0,1,122
17,2,1961,0,24,50,1,1618,40372,0,0,1,122
17,2,1962,0,24,50,1,1618,41990,0,0,1,122
17,2,1963,0,24,50,1,1618,43608,0,0,1,122
17,0,1968,0,32,63,3,2174,45226,0,0,0,123
17,0,1969,0,32,63,3,2174,47400,0,0,0,123
17,0,1970,0,32,63,3,2174,49574,0,0,0,123
17,0,1971,0,32,63,3,2174,51748,0,0,0,123
17,1,1972,0,15,63,3,0,53922,1,0,0,123
17,1,1973,0,16,63,3,126,53922,0,0,0,123
17,1,1974,0,15,63,3,0,54048,1,0,0,123
17,1,1975,0,16,63,3,126,54048,0,0,0,123
17,2,1976,0,24,63,1,1631,54174,0,0,1,123
17,2,1977,0,24,63,1,1631,55805,0,0,1,123
17,2,1978,0,24,63,1,1631,57436,0,0,1,123
17,2,1979,0,24,63,1,1631,59067,0,0,1,123
17,0,1984,0,32,12,3,2074,60698,0,0,0,124
17,0,1985,0,32,12,3,2074,62772,0,0,0,124
17,0,1986,0,32,12,3,2074,64846,0,0,0,124
17,0,1987,0,32,12,3,2074,66920,0,0,0,124
17,1,1988,0,15,12,3,0,68994,1,0,0,124
17,1,1989,0,16,12,3,26,68994,0,0,0,124
17,1,1990,0,15,12,3,0,69020,1,0,0,124
17,1,1991,0,16,12,3,26,69020,0,0,0,124
17,2,1992,0,24,12,1,1560,69046,0,0,0,124
17,2,1993,0,24,12,1,1560,70606,0,0,0,124
17,2,1994,0,24,12,1,1560,72166,0,0,0,124
17,2,1995,0,24,12,1,1560,73726,0,0,0,124
18,0,0,0,16,0,3,0,0,0,0,0,0
18,1,0,1,16,0,3,0,0,0,0,0,0
18,2,0,2,16,0,3,0,0,0,0,0,0
18,3,0,3,16,0,3,0,0,0,0,0,0
18,0,1,0,16,31,3,70,0,0,0,0,70
18,1,1,1,16,31,3,70,0,0,0,0,70
18,2,1,2,16,31,3,70,0,0,0,0,70
18,3,1,3,16,31,3,70,0,0,0,0,70
18,0,2,0,16,63,3,126,0,0,0,0,126
18,1,2,1,16,63,3,126,0,0,0,0,126
18,2,2,2,16,63,3,126,0,0,0,0,126
18,3,2,3,16,63,3,126,0,0,0,0,126
18,0,3,0,20,15,3,545,0,0,0,0,545
18,1,3,1,20,15,3,545,0,0,0,0,545
18,2,3,2,20,15,3,545,0,0,0,0,545
18,3,3,3,20,15,3,545,0,0,0,0,545
18,0,4,0,24,0,3,1024,0,0,0,0,1024
18,1,4,1,24,0,3,1024,0,0,0,0,1024
18,2,4,2,24,0,3,1024,0,0,0,0,1024
18,3,4,3,24,0,3,1024,0,0,0,0,1024
18,0,5,0,24,31,3,1094,0,0,0,0,1094
18,1,5,1,24,31,3,1094,0,0,0,0,1094
18,2,5,2,24,31,3,1094,0,0,0,0,1094
18,3,5,3,24,31,3,1094,0,0,0,0,1094
18,0,6,0,24,63,3,1150,0,0,0,0,1150
18,1,6,1,24,63,3,1150,0,0,0,0,1150
18,2,6,2,24,63,3,1150,0,0,0,0,1150
18,3,6,3,24,63,3,1150,0,0,0,0,1150
18,0,7,0,28,31,3,1606,0,0,0,0,1606
18,1,7,1,28,31,3,1606,0,0,0,0,1606
18,2,7,2,28,31,3,1606,0,0,0,0,1606
18,3,7,3,28,31,3,1606,0,0,0,0,1606
18,0,8,0,32,0,3,2048,0,0,0,0,2048
18,1,8,1,32,0,3,2048,0,0,0,0,2048
18,2,8,2,32,0,3,2048,0,0,0,0,2048
18,3,8,3,32,0,3,2048,0,0,0,0,2048
18,0,9,0,32,31,3,2118,0,0,0,0,2118
18,1,9,1,32,31,3,2118,0,0,0,0,2118
18,2,9,2,32,31,3,2118,0,0,0,0,2118
18,3,9,3,32,31,3,2118,0,0,0,0,2118
18,0,10,0,32,63,3,2174,0,0,0,0,2174
18,1,10,1,32,63,3,2174,0,0,0,0,2174
18,2,10,2,32,63,3,2174,0,0,0,0,2174
18,3,10,3,32,63,3,2174,0,0,0,0,2174
18,0,11,0,36,31,3,2630,0,0,0,0,2630
18,1,11,1,36,31,3,2630,0,0,0,0,2630
18,2,11,2,36,31,3,2630,0,0,0,0,2630
18,3,11,3,36,31,3,2630,0,0,0,0,2630
18,0,12,0,40,0,3,3072,0,0,0,0,3072
18,1,12,1,40,0,3,3072,0,0,0,0,3072
18,2,12,2,40,0,3,3072,0,0,0,0,3072
18,3,12,3,40,0,3,3072,0,0,0,0,3072
18,0,13,0,40,31,3,3142,0,0,0,0,3142
18,1,13,1,40,31,3,3142,0,0,0,0,3142
18,2,13,2,40,31,3,3142,0,0,0,0,3142
18,3,13,3,40,31,3,3142,0,0,0,0,3142
18,0,14,0,44,31,3,3654,0,0,0,0,3654
18,1,14,1,44,31,3,3654,0,0,0,0,3654
18,2,14,2,44,31,3,3654,0,0,0,0,3654
18,3,14,3,44,31,3,3654,0,0,0,0,3654
18,0,15,0,47,31,3,4038,0,0,0,0,4038
18,1,15,1,47,31,3,4038,0,0,0,0,4038
18,2,15,2,47,31,3,4038,0,0,0,0,4038
18,3,15,3,47,31,3,4038,0,0,0,0,4038
18,0,16,0,15,0,3,0,0,1,0,0,0
18,1,16,1,15,0,3,0,0,1,0,0,0
18,2,16,2,15,0,3,0,0,1,0,0,0
18,3,16,3,15,0,3,0,0,1,0,0,0
18,0,17,0,15,31,3,0,0,1,0,0,0
18,1,17,1,15,31,3,0,0,1,0,0,0
18,2,17,2,15,31,3,0,0,1,0,0,0
18,3,17,3,15,31,3,0,0,1,0,0,0
18,0,18,0,15,32,3,0,0,1,0,0,0
18,1,18,1,15,32,3,0,0,1,0,0,0
18,2,18,2,15,32,3,0,0,1,0,0,0
18,3,18,3,15,32,3,0,0,1,0,0,0
18,0,19,0,15,63,3,0,0,1,0,0,0
18,1,19,1,15,63,3,0,0,1,0,0,0
18,2,19,2,15,63,3,0,0,1,0,0,0
18,3,19,3,15,63,3,0,0,1,0,0,0
18,0,20,0,14,31,3,0,0,1,0,0,0
18,1,20,1,14,31,3,0,0,1,0,0,0
18,2,20,2,14,31,3,0,0,1,0,0,0
18,3,20,3,14,31,3,0,0,1,0,0,0
18,0,21,0,12,31,3,0,0,1,0,0,0
18,1,21,1,12,31,3,0,0,1,0,0,0
18,2,21,2,12,31,3,0,0,1,0,0,0
18,3,21,3,12,31,3,0,0,1,0,0,0
18,0,22,0,48,0,3,4095,0,0,1,0,4095
18,1,22,1,48,0,3,4095,0,0,1,0,4095
18,2,22,2,48,0,3,4095,0,0,1,0,4095
18,3,22,3,48,0,3,4095,0,0,1,0,4095
18,0,23,0,48,31,3,4095,0,0,1,0,4095
18,1,23,1,48,31,3,4095,0,0,1,0,4095
18,2,23,2,48,31,3,4095,0,0,1,0,4095
18,3,23,3,48,31,3,4095,0,0,1,0,4095
18,0,24,0,49,31,3,4095,0,0,1,0,4095
18,1,24,1,49,31,3,4095,0,0,1,0,4095
18,2,24,2,49,31,3,4095,0,0,1,0,4095
18,3,24,3,49,31,3,4095,0,0,1,0,4095
18,0,25,0,51,31,3,4095,0,0,1,0,4095
18,1,25,1,51,31,3,4095,0,0,1,0,4095
18,2,25,2,51,31,3,4095,0,0,1,0,4095
18,3,25,3,51,31,3,4095,0,0,1,0,4095
18,0,26,0,47,32,3,4040,0,0,0,0,4040
18,1,26,1,47,32,3,4040,0,0,0,0,4040
18,2,26,2,47,32,3,4040,0,0,0,0,4040
18,3,26,3,47,32,3,4040,0,0,0,0,4040
18,0,27,0,47,63,3,4094,0,0,0,0,4094
18,1,27,1,47,63,3,4094,0,0,0,0,4094
18,2,27,2,47,63,3,4094,0,0,0,0,4094
18,3,27,3,47,63,3,4094,0,0,0,0,4094
18,0,28,0,0,0,3,0,0,1,0,0,0
18,1,28,1,0,0,3,0,0,1,0,0,0
18,2,28,2,0,0,3,0,0,1,0,0,0
18,3,28,3,0,0,3,0,0,1,0,0,0
18,0,29,0,1,31,3,0,0,1,0,0,0
18,1,29,1,1,31,3,0,0,1,0,0,0
18,2,29,2,1,31,3,0,0,1,0,0,0
18,3,29,3,1,31,3,0,0,1,0,0,0
18,0,30,0,63,63,3,4095,0,0,1,0,4095
18,1,30,1,63,63,3,4095,0,0,1,0,4095
18,2,30,2,63,63,3,4095,0,0,1,0,4095
18,3,30,3,63,63,3,4095,0,0,1,0,4095
18,0,31,0,32,16,3,2084,0,0,0,0,2084
18,1,31,1,32,16,3,2084,0,0,0,0,2084
18,2,31,2,32,16,3,2084,0,0,0,0,2084
18,3,31,3,32,16,3,2084,0,0,0,0,2084
19,0,0,0,0,0,3,0,0,0,0,0,0
19,1,0,0,32,0,3,0,53248,0,0,0,51200
19,1,1,0,32,0,3,0,47104,0,0,0,40960
19,2,0,0,24,31,3,0,53030,0,0,0,59686
19,2,1,0,36,31,3,0,66342,0,0,0,72998
